location,date,vaccine,source_url,total_vaccinations,people_vaccinated,people_fully_vaccinated
Bahrain,2020-12-23,"Pfizer/BioNTech, Sinopharm/Beijing",https://twitter.com/MOH_Bahrain/status/1341855276744491009,38965,38965,
Bahrain,2020-12-24,"Pfizer/BioNTech, Sinopharm/Beijing",https://twitter.com/MOH_Bahrain/status/1342189663688290306,50071,50071,
Bahrain,2020-12-25,"Pfizer/BioNTech, Sinopharm/Beijing",https://twitter.com/MOH_Bahrain/status/1342560182287667200,50543,50543,
Bahrain,2020-12-26,"Pfizer/BioNTech, Sinopharm/Beijing",https://twitter.com/MOH_Bahrain/status/1342912135828021248,51556,51556,
Bahrain,2020-12-27,"Pfizer/BioNTech, Sinopharm/Beijing",https://twitter.com/MOH_Bahrain/status/1343274904259596290,53614,53614,
Bahrain,2020-12-28,"Pfizer/BioNTech, Sinopharm/Beijing",https://twitter.com/MOH_Bahrain/status/1343640133376077827,55014,55014,
Bahrain,2020-12-29,"Pfizer/BioNTech, Sinopharm/Beijing",https://twitter.com/MOH_Bahrain/status/1343999609442627588,56041,56041,
Bahrain,2020-12-30,"Pfizer/BioNTech, Sinopharm/Beijing",https://twitter.com/MOH_Bahrain/status/1344362014995607559,57317,57317,
Bahrain,2020-12-31,"Pfizer/BioNTech, Sinopharm/Beijing",https://twitter.com/MOH_Bahrain/status/1344726256521261064,58643,58643,
Bahrain,2021-01-01,"Pfizer/BioNTech, Sinopharm/Beijing",https://twitter.com/MOH_Bahrain/status/1345086925414277123,59351,59351,
Bahrain,2021-01-02,"Pfizer/BioNTech, Sinopharm/Beijing",https://twitter.com/MOH_Bahrain/status/1345450650495307778,60097,60097,
Bahrain,2021-01-03,"Pfizer/BioNTech, Sinopharm/Beijing",https://twitter.com/MOH_Bahrain/status/1345812985516859395,60689,60689,
Bahrain,2021-01-04,"Pfizer/BioNTech, Sinopharm/Beijing",https://twitter.com/MOH_Bahrain/status/1346173998024040451,61612,61612,
Bahrain,2021-01-05,"Pfizer/BioNTech, Sinopharm/Beijing",https://twitter.com/MOH_Bahrain/status/1346544909399044096,63893,63893,
Bahrain,2021-01-06,"Pfizer/BioNTech, Sinopharm/Beijing",https://twitter.com/MOH_Bahrain/status/1346919458615554056,68472,68472,
Bahrain,2021-01-07,"Pfizer/BioNTech, Sinopharm/Beijing",https://twitter.com/MOH_Bahrain/status/1347269708467339264,72239,72239,
Bahrain,2021-01-08,"Pfizer/BioNTech, Sinopharm/Beijing",https://twitter.com/MOH_Bahrain/status/1347636465635905538,78291,78291,
Bahrain,2021-01-09,"Pfizer/BioNTech, Sinopharm/Beijing",https://twitter.com/MOH_Bahrain/status/1347998432615608325,84157,84157,
Bahrain,2021-01-10,"Pfizer/BioNTech, Sinopharm/Beijing",https://twitter.com/MOH_Bahrain/status/1348359483832086536,89250,89250,
Bahrain,2021-01-11,"Pfizer/BioNTech, Sinopharm/Beijing",https://twitter.com/MOH_Bahrain/status/1348718836925792262,92598,92598,
Bahrain,2021-01-12,"Pfizer/BioNTech, Sinopharm/Beijing",https://twitter.com/MOH_Bahrain/status/1349090704123949062,97776,97776,
Bahrain,2021-01-13,"Pfizer/BioNTech, Sinopharm/Beijing",https://twitter.com/MOH_Bahrain/status/1349446081852166146,,101363,
Bahrain,2021-01-14,"Pfizer/BioNTech, Sinopharm/Beijing",https://twitter.com/MOH_Bahrain/status/1349809013605748747,,109566,
Bahrain,2021-01-15,"Pfizer/BioNTech, Sinopharm/Beijing",https://twitter.com/MOH_Bahrain/status/1350171911695847427,,122819,
Bahrain,2021-01-16,"Pfizer/BioNTech, Sinopharm/Beijing",https://twitter.com/MOH_Bahrain/status/1350548905268801538,,137159,
Bahrain,2021-01-17,"Pfizer/BioNTech, Sinopharm/Beijing",https://twitter.com/MOH_Bahrain/status/1350896163348738050,,141563,
Bahrain,2021-01-18,"Pfizer/BioNTech, Sinopharm/Beijing",https://twitter.com/MOH_Bahrain/status/1351261870158700550,,142831,
Bahrain,2021-01-19,"Pfizer/BioNTech, Sinopharm/Beijing",https://twitter.com/MOH_Bahrain/status/1351630070599839745,,143596,
Bahrain,2021-01-20,"Pfizer/BioNTech, Sinopharm/Beijing",https://twitter.com/MOH_Bahrain/status/1352360527457091592,,144130,
Bahrain,2021-01-26,"Pfizer/BioNTech, Sinopharm/Beijing",https://twitter.com/MOH_Bahrain/status/1354172421448884226,,165953,
Bahrain,2021-01-27,"Pfizer/BioNTech, Sinopharm/Beijing",https://twitter.com/MOH_Bahrain/status/1354534759129440261,,167731,
Bahrain,2021-01-28,"Pfizer/BioNTech, Sinopharm/Beijing",https://twitter.com/MOH_Bahrain/status/1354897121137319936,,169440,
Bahrain,2021-01-29,"Pfizer/BioNTech, Sinopharm/Beijing",https://twitter.com/MOH_Bahrain/status/1355259668025782275,,169810,
Bahrain,2021-01-30,"Pfizer/BioNTech, Sinopharm/Beijing",https://twitter.com/MOH_Bahrain/status/1355621933505802245,,170433,
Bahrain,2021-01-31,"Pfizer/BioNTech, Sinopharm/Beijing",https://twitter.com/MOH_Bahrain/status/1355984300009795584,,171568,
Bahrain,2021-02-01,"Pfizer/BioNTech, Sinopharm/Beijing",https://twitter.com/MOH_Bahrain/status/1356346713984954368,,172912,
Bahrain,2021-02-02,"Pfizer/BioNTech, Sinopharm/Beijing",https://twitter.com/MOH_Bahrain/status/1356709170318372864,,174075,
Bahrain,2021-02-03,"Pfizer/BioNTech, Sinopharm/Beijing",https://twitter.com/MOH_Bahrain/status/1357071460129517568,,175094,
Bahrain,2021-02-04,"Pfizer/BioNTech, Sinopharm/Beijing",https://twitter.com/MOH_Bahrain/status/1357433853447729159,,177233,
Bahrain,2021-02-05,"Pfizer/BioNTech, Sinopharm/Beijing",https://twitter.com/MOH_Bahrain/status/1357796230684942341,,179550,
Bahrain,2021-02-06,"Pfizer/BioNTech, Sinopharm/Beijing",https://twitter.com/MOH_Bahrain/status/1358158619880079360,,182543,
Bahrain,2021-02-07,"Pfizer/BioNTech, Sinopharm/Beijing",https://twitter.com/MOH_Bahrain/status/1358521021045878800,,191406,
Bahrain,2021-02-08,"Pfizer/BioNTech, Sinopharm/Beijing",https://twitter.com/MOH_Bahrain/status/1358883639925354496,,201116,
Bahrain,2021-02-09,"Pfizer/BioNTech, Sinopharm/Beijing",https://twitter.com/MOH_Bahrain/status/1359245782092767236,,212940,
Bahrain,2021-02-10,"Pfizer/BioNTech, Sinopharm/Beijing",https://twitter.com/MOH_Bahrain/status/1359608515564871683,,219595,
Bahrain,2021-02-11,"Pfizer/BioNTech, Sinopharm/Beijing",https://twitter.com/MOH_Bahrain/status/1359970657468116996,,224919,
Bahrain,2021-02-12,"Pfizer/BioNTech, Sinopharm/Beijing",https://twitter.com/MOH_Bahrain/status/1360333937541799942,,232540,
Bahrain,2021-02-13,"Pfizer/BioNTech, Sinopharm/Beijing",https://twitter.com/MOH_Bahrain/status/1360697328559140875,,242260,
Bahrain,2021-02-14,"Pfizer/BioNTech, Sinopharm/Beijing",https://twitter.com/MOH_Bahrain/status/1361057740689461248,,248775,
Bahrain,2021-02-15,"Pfizer/BioNTech, Sinopharm/Beijing",https://twitter.com/MOH_Bahrain/status/1361420363603734533,,250946,
Bahrain,2021-02-16,"Pfizer/BioNTech, Sinopharm/Beijing",https://twitter.com/MOH_Bahrain/status/1361785294136180736,,252990,
Bahrain,2021-02-17,"Pfizer/BioNTech, Sinopharm/Beijing",https://twitter.com/MOH_Bahrain/status/1362144927535267841,,257580,
Bahrain,2021-02-18,"Pfizer/BioNTech, Sinopharm/Beijing",https://twitter.com/MOH_Bahrain/status/1362507467976970242,,263422,
Bahrain,2021-02-19,"Pfizer/BioNTech, Sinopharm/Beijing",https://twitter.com/MOH_Bahrain/status/1362869649663266817,,268273,
Bahrain,2021-02-20,"Pfizer/BioNTech, Sinopharm/Beijing",https://twitter.com/MOH_Bahrain/status/1363232040737533961,,271749,
Bahrain,2021-02-21,"Pfizer/BioNTech, Sinopharm/Beijing",https://twitter.com/MOH_Bahrain/status/1363594441639030787,,274960,
Bahrain,2021-02-22,"Pfizer/BioNTech, Sinopharm/Beijing",https://twitter.com/MOH_Bahrain/status/1363959177241124871,,278222,
Bahrain,2021-02-23,"Pfizer/BioNTech, Sinopharm/Beijing",https://twitter.com/MOH_Bahrain/status/1364319305555468288,,281425,
Bahrain,2021-02-24,"Pfizer/BioNTech, Sinopharm/Beijing",https://twitter.com/MOH_Bahrain/status/1364681672755736580,,284948,
Bahrain,2021-02-25,"Pfizer/BioNTech, Sinopharm/Beijing, Sputnik V",https://twitter.com/MOH_Bahrain/status/1365044024827129860,,290103,
Bahrain,2021-02-26,"Pfizer/BioNTech, Sinopharm/Beijing, Sputnik V",https://twitter.com/MOH_Bahrain/status/1365406359714414597,,292917,
Bahrain,2021-02-27,"Oxford/AstraZeneca, Pfizer/BioNTech, Sinopharm/Beijing, Sputnik V",https://twitter.com/MOH_Bahrain/status/1365770009713197056,,295296,
Bahrain,2021-02-28,"Oxford/AstraZeneca, Pfizer/BioNTech, Sinopharm/Beijing, Sputnik V",https://twitter.com/MOH_Bahrain/status/1366131147823075332,,298171,
Bahrain,2021-03-01,"Oxford/AstraZeneca, Pfizer/BioNTech, Sinopharm/Beijing, Sputnik V",https://twitter.com/MOH_Bahrain/status/1366495113195773955,,301103,
Bahrain,2021-03-02,"Oxford/AstraZeneca, Pfizer/BioNTech, Sinopharm/Beijing, Sputnik V",https://twitter.com/MOH_Bahrain/status/1366856063992160265,,302671,
Bahrain,2021-03-03,"Oxford/AstraZeneca, Pfizer/BioNTech, Sinopharm/Beijing, Sputnik V",https://twitter.com/MOH_Bahrain/status/1367218322799030277,,303962,
Bahrain,2021-03-04,"Oxford/AstraZeneca, Pfizer/BioNTech, Sinopharm/Beijing, Sputnik V",https://twitter.com/MOH_Bahrain/status/1367580708538097667,,305619,
Bahrain,2021-03-05,"Oxford/AstraZeneca, Pfizer/BioNTech, Sinopharm/Beijing, Sputnik V",https://twitter.com/MOH_Bahrain/status/1367943100207882248,,307142,
Bahrain,2021-03-06,"Oxford/AstraZeneca, Pfizer/BioNTech, Sinopharm/Beijing, Sputnik V",https://twitter.com/MOH_Bahrain/status/1368305486689402880,506519,307145,199374
Bahrain,2021-03-07,"Oxford/AstraZeneca, Pfizer/BioNTech, Sinopharm/Beijing, Sputnik V",https://twitter.com/MOH_Bahrain/status/1368667925461229568,509907,308465,201442
Bahrain,2021-03-08,"Oxford/AstraZeneca, Pfizer/BioNTech, Sinopharm/Beijing, Sputnik V",https://twitter.com/MOH_Bahrain/status/1369030241944023043,512420,309741,202679
Bahrain,2021-03-09,"Oxford/AstraZeneca, Pfizer/BioNTech, Sinopharm/Beijing, Sputnik V",https://twitter.com/MOH_Bahrain/status/1369392653306130433,514559,310644,203915
Bahrain,2021-03-10,"Oxford/AstraZeneca, Pfizer/BioNTech, Sinopharm/Beijing, Sputnik V",https://twitter.com/MOH_Bahrain/status/1369755048167759876,517901,311829,206072
Bahrain,2021-03-11,"Oxford/AstraZeneca, Pfizer/BioNTech, Sinopharm/Beijing, Sputnik V",https://healthalert.gov.bh/en/,520429,312104,208325
Bahrain,2021-03-12,"Oxford/AstraZeneca, Pfizer/BioNTech, Sinopharm/Beijing, Sputnik V",https://healthalert.gov.bh/en/,522344,312119,210225
Bahrain,2021-03-13,"Oxford/AstraZeneca, Pfizer/BioNTech, Sinopharm/Beijing, Sputnik V",https://healthalert.gov.bh/en/,534625,322508,212117
Bahrain,2021-03-14,"Oxford/AstraZeneca, Pfizer/BioNTech, Sinopharm/Beijing, Sputnik V",https://healthalert.gov.bh/en/,551197,337016,214181
Bahrain,2021-03-15,"Oxford/AstraZeneca, Pfizer/BioNTech, Sinopharm/Beijing, Sputnik V",https://healthalert.gov.bh/en/,566796,349970,216826
Bahrain,2021-03-16,"Oxford/AstraZeneca, Pfizer/BioNTech, Sinopharm/Beijing, Sputnik V",https://healthalert.gov.bh/en/,580539,361241,219298
Bahrain,2021-03-17,"Oxford/AstraZeneca, Pfizer/BioNTech, Sinopharm/Beijing, Sputnik V",https://healthalert.gov.bh/en/,597446,374873,222573
Bahrain,2021-03-18,"Oxford/AstraZeneca, Pfizer/BioNTech, Sinopharm/Beijing, Sputnik V",https://healthalert.gov.bh/en/,613946,386426,227520
Bahrain,2021-03-19,"Oxford/AstraZeneca, Pfizer/BioNTech, Sinopharm/Beijing, Sputnik V",https://healthalert.gov.bh/en/,626751,396356,230395
Bahrain,2021-03-20,"Oxford/AstraZeneca, Pfizer/BioNTech, Sinopharm/Beijing, Sputnik V",https://healthalert.gov.bh/en/,640104,407322,232782
Bahrain,2021-03-21,"Oxford/AstraZeneca, Pfizer/BioNTech, Sinopharm/Beijing, Sputnik V",https://healthalert.gov.bh/en/,653236,417364,235872
Bahrain,2021-03-22,"Oxford/AstraZeneca, Pfizer/BioNTech, Sinopharm/Beijing, Sputnik V",https://healthalert.gov.bh/en/,667155,428240,238915
Bahrain,2021-03-23,"Oxford/AstraZeneca, Pfizer/BioNTech, Sinopharm/Beijing, Sputnik V",https://healthalert.gov.bh/en/,680081,439433,240648
Bahrain,2021-03-24,"Oxford/AstraZeneca, Pfizer/BioNTech, Sinopharm/Beijing, Sputnik V",https://healthalert.gov.bh/en/,694679,452551,242128
Bahrain,2021-03-25,"Oxford/AstraZeneca, Pfizer/BioNTech, Sinopharm/Beijing, Sputnik V",https://healthalert.gov.bh/en/,707980,464040,243940
Bahrain,2021-03-26,"Oxford/AstraZeneca, Pfizer/BioNTech, Sinopharm/Beijing, Sputnik V",https://healthalert.gov.bh/en/,717408,471927,245481
Bahrain,2021-03-27,"Oxford/AstraZeneca, Pfizer/BioNTech, Sinopharm/Beijing, Sputnik V",https://healthalert.gov.bh/en/,724001,478094,245907
Bahrain,2021-03-28,"Oxford/AstraZeneca, Pfizer/BioNTech, Sinopharm/Beijing, Sputnik V",https://healthalert.gov.bh/en/,735717,487640,248077
Bahrain,2021-03-29,"Oxford/AstraZeneca, Pfizer/BioNTech, Sinopharm/Beijing, Sputnik V",https://healthalert.gov.bh/en/,747008,496492,250516
Bahrain,2021-03-30,"Oxford/AstraZeneca, Pfizer/BioNTech, Sinopharm/Beijing, Sputnik V",https://healthalert.gov.bh/en/,755549,502541,253008
Bahrain,2021-03-31,"Oxford/AstraZeneca, Pfizer/BioNTech, Sinopharm/Beijing, Sputnik V",https://healthalert.gov.bh/en/,766317,510877,255440
Bahrain,2021-04-01,"Oxford/AstraZeneca, Pfizer/BioNTech, Sinopharm/Beijing, Sputnik V",https://healthalert.gov.bh/en/,775196,517603,257593
