location,date,vaccine,source_url,total_vaccinations,people_vaccinated,people_fully_vaccinated
Barbados,2021-02-15,Oxford/AstraZeneca,https://www.facebook.com/moh.barbados/photos/a.768944336470972/3945804398784934,4490,4490,
Barbados,2021-02-16,Oxford/AstraZeneca,https://www.facebook.com/moh.barbados/photos/a.768944336470972/3948250111873696,6683,6683,
Barbados,2021-02-17,Oxford/AstraZeneca,https://www.facebook.com/moh.barbados/posts/3949658301732877?__cft__[0]=AZV_TyAQAJAcp4itOfWXfZybfpVbY0zhkr_O8gZuBMVuv-Uz3s2qBzwOUdTiVy_PZ1khZSVXllTSBESgSnDJuYHFZpVDVXipEmZSFy2yJoGiYHR4W0B1Bckv0dQ7CkP4ZxdvONHxDTBzJvMDriVNVcta&__tn__=%2CO%2CP-R,9115,9115,
Barbados,2021-02-18,Oxford/AstraZeneca,https://www.facebook.com/moh.barbados/photos/a.768944336470972/3952152571483450/,11494,11494,
Barbados,2021-02-19,Oxford/AstraZeneca,https://www.facebook.com/moh.barbados/photos/a.768944336470972/3954626434569397/,14411,14411,
Barbados,2021-02-20,Oxford/AstraZeneca,https://www.facebook.com/moh.barbados/photos/a.768944336470972/3957184684313572/,15837,15837,
Barbados,2021-02-21,Oxford/AstraZeneca,https://www.facebook.com/moh.barbados/photos/a.768944336470972/3959608410737866/,16544,16544,
Barbados,2021-02-22,Oxford/AstraZeneca,https://www.facebook.com/moh.barbados/photos/a.768944336470972/3962351143796926/,19089,19089,
Barbados,2021-02-23,Oxford/AstraZeneca,https://www.facebook.com/moh.barbados/photos/a.768944336470972/3966616180037089/,22037,22037,
Barbados,2021-02-24,Oxford/AstraZeneca,https://www.facebook.com/moh.barbados/photos/a.768944336470972/3972239049474802/,25578,25578,
Barbados,2021-02-25,Oxford/AstraZeneca,https://www.facebook.com/moh.barbados/photos/a.768944336470972/3977307822301258/,29283,29283,
Barbados,2021-02-26,Oxford/AstraZeneca,https://www.facebook.com/moh.barbados/photos/a.768944336470972/3981348451897195/,33633,33633,
Barbados,2021-02-27,Oxford/AstraZeneca,https://www.facebook.com/moh.barbados/photos/a.768944336470972/3983740234991350/,36749,36749,
Barbados,2021-02-28,Oxford/AstraZeneca,https://www.facebook.com/moh.barbados/photos/a.768944336470972/3986246634740710/,38615,38615,
Barbados,2021-03-01,Oxford/AstraZeneca,https://www.facebook.com/moh.barbados/photos/a.768944336470972/3988706981161342/,41125,41125,
Barbados,2021-03-02,Oxford/AstraZeneca,https://www.facebook.com/moh.barbados/photos/a.768944336470972/3991305347568172/,43235,43235,
Barbados,2021-03-03,Oxford/AstraZeneca,https://www.facebook.com/moh.barbados/photos/a.768944336470972/3993514877347219/,44859,44859,
Barbados,2021-03-04,Oxford/AstraZeneca,https://www.facebook.com/moh.barbados/photos/a.768944336470972/3996175687081138/,46442,46442,
Barbados,2021-03-05,Oxford/AstraZeneca,https://www.facebook.com/moh.barbados/photos/a.768944336470972/3998678090164231,48480,48480,
Barbados,2021-03-06,Oxford/AstraZeneca,https://www.facebook.com/moh.barbados/photos/a.768944336470972/4001163609915679/,48886,48886,
Barbados,2021-03-07,Oxford/AstraZeneca,https://www.facebook.com/moh.barbados/photos/a.768944336470972/4003837389648301/,49317,49317,
Barbados,2021-03-08,Oxford/AstraZeneca,https://www.facebook.com/moh.barbados/photos/a.768944336470972/4006163156082391/,49393,49393,
Barbados,2021-03-09,Oxford/AstraZeneca,https://www.facebook.com/moh.barbados/photos/a.768944336470972/4009000572465316/,49757,49757,
Barbados,2021-03-10,Oxford/AstraZeneca,https://www.facebook.com/moh.barbados/photos/a.768944336470972/4011720915526615/,50263,50263,
Barbados,2021-03-11,Oxford/AstraZeneca,https://www.facebook.com/moh.barbados/photos/a.768944336470972/4014237895274917/5,50703,50703,
Barbados,2021-03-12,Oxford/AstraZeneca,https://www.facebook.com/moh.barbados/photos/a.768944336470972/4017010984997608/,50980,50980,
Barbados,2021-03-13,Oxford/AstraZeneca,https://www.facebook.com/moh.barbados/photos/a.768944336470972/4019388881426485/,51595,51595,
Barbados,2021-03-14,Oxford/AstraZeneca,https://www.facebook.com/moh.barbados/photos/a.768944336470972/4022321141133259/,52290,52290,
Barbados,2021-03-15,Oxford/AstraZeneca,https://www.facebook.com/moh.barbados/photos/a.768944336470972/4024731060892267/,53129,53129,
Barbados,2021-03-16,Oxford/AstraZeneca,https://www.facebook.com/moh.barbados/photos/a.768944336470972/4028083090557064,54631,54631,
Barbados,2021-03-17,Oxford/AstraZeneca,https://www.facebook.com/moh.barbados/photos/a.768944336470972/4031515796880460/,56018,56018,
Barbados,2021-03-18,Oxford/AstraZeneca,https://www.facebook.com/moh.barbados/photos/a.768944336470972/4033771769988196/,58214,58214,
Barbados,2021-03-19,Oxford/AstraZeneca,https://www.facebook.com/moh.barbados/photos/a.768944336470972/4036409643057742/,60206,60206,
Barbados,2021-03-20,Oxford/AstraZeneca,https://www.facebook.com/moh.barbados/photos/a.768944336470972/4038474386184601/,61108,61108,
Barbados,2021-03-21,Oxford/AstraZeneca,https://www.facebook.com/moh.barbados/photos/a.768944336470972/4041361665895873/,61752,61752,
Barbados,2021-03-22,Oxford/AstraZeneca,https://www.facebook.com/moh.barbados/photos/a.768944336470972/4043949365637103/,61781,61781,
Barbados,2021-03-23,Oxford/AstraZeneca,https://www.facebook.com/moh.barbados/photos/4046969402001766,62765,62765,
Barbados,2021-03-25,Oxford/AstraZeneca,https://www.facebook.com/moh.barbados/photos/a.768944336470972/4052505898114783/,62802,62802,
Barbados,2021-03-26,Oxford/AstraZeneca,https://www.facebook.com/moh.barbados/photos/a.768944336470972/4055233247842048/,63689,63689,
Barbados,2021-03-29,Oxford/AstraZeneca,https://www.facebook.com/moh.barbados/photos/a.768944336470972/4064197220278984/,63711,63711,
Barbados,2021-03-30,Oxford/AstraZeneca,https://www.facebook.com/moh.barbados/photos/a.768944336470972/4067191859979520/,63715,63715,
Barbados,2021-03-31,Oxford/AstraZeneca,https://www.facebook.com/moh.barbados/photos/a.768944336470972/4070434292988610/,63728,63728,
