location,date,vaccine,source_url,total_vaccinations,people_vaccinated,people_fully_vaccinated
Belarus,2020-12-28,Sputnik V,https://www.reuters.com/article/health-coronavirus-russia-belarus-idUSKBN2930P6,0,0,0
Belarus,2021-02-18,Sputnik V,https://tkm.by/2021/02/immunizaciya-medrabotnikov-v-belarusi-pervym-komponentom-vakciny-sputnik-v-zavershilas/,20944,20944,0
Belarus,2021-03-12,Sputnik V,https://eng.belta.by/society/view/minister-belarus-will-step-up-covid-19-vaccination-on-15-march-138165-2021/,30000,20000,10000
Belarus,2021-03-26,Sputnik V,https://eng.belta.by/president/view/vaccination-in-focus-of-lukashenkos-meeting-with-healthcare-minister-138542-2021/,66618,40518,26100
