location,date,vaccine,source_url,total_vaccinations,people_vaccinated,people_fully_vaccinated
Czechia,2020-12-27,Pfizer/BioNTech,https://onemocneni-aktualne.mzcr.cz/covid-19,1249,1249,0
Czechia,2020-12-28,Pfizer/BioNTech,https://onemocneni-aktualne.mzcr.cz/covid-19,3541,3541,0
Czechia,2020-12-29,Pfizer/BioNTech,https://onemocneni-aktualne.mzcr.cz/covid-19,6982,6982,0
Czechia,2020-12-30,Pfizer/BioNTech,https://onemocneni-aktualne.mzcr.cz/covid-19,10447,10447,0
Czechia,2020-12-31,Pfizer/BioNTech,https://onemocneni-aktualne.mzcr.cz/covid-19,11753,11753,0
Czechia,2021-01-01,Pfizer/BioNTech,https://onemocneni-aktualne.mzcr.cz/covid-19,12013,12013,0
Czechia,2021-01-02,Pfizer/BioNTech,https://onemocneni-aktualne.mzcr.cz/covid-19,13263,13263,0
Czechia,2021-01-03,Pfizer/BioNTech,https://onemocneni-aktualne.mzcr.cz/covid-19,14176,14176,0
Czechia,2021-01-04,Pfizer/BioNTech,https://onemocneni-aktualne.mzcr.cz/covid-19,17739,17739,0
Czechia,2021-01-05,Pfizer/BioNTech,https://onemocneni-aktualne.mzcr.cz/covid-19,22233,22233,0
Czechia,2021-01-06,Pfizer/BioNTech,https://onemocneni-aktualne.mzcr.cz/covid-19,28042,28042,0
Czechia,2021-01-07,Pfizer/BioNTech,https://onemocneni-aktualne.mzcr.cz/covid-19,35990,35990,0
Czechia,2021-01-08,Pfizer/BioNTech,https://onemocneni-aktualne.mzcr.cz/covid-19,45909,45909,0
Czechia,2021-01-09,Pfizer/BioNTech,https://onemocneni-aktualne.mzcr.cz/covid-19,47916,47916,0
Czechia,2021-01-10,Pfizer/BioNTech,https://onemocneni-aktualne.mzcr.cz/covid-19,49635,49635,0
Czechia,2021-01-11,Pfizer/BioNTech,https://onemocneni-aktualne.mzcr.cz/covid-19,59410,59410,0
Czechia,2021-01-12,Pfizer/BioNTech,https://onemocneni-aktualne.mzcr.cz/covid-19,72754,72754,0
Czechia,2021-01-13,Pfizer/BioNTech,https://onemocneni-aktualne.mzcr.cz/covid-19,86220,86220,0
Czechia,2021-01-14,"Moderna, Pfizer/BioNTech",https://onemocneni-aktualne.mzcr.cz/covid-19,101374,101374,0
Czechia,2021-01-15,"Moderna, Pfizer/BioNTech",https://onemocneni-aktualne.mzcr.cz/covid-19,115281,115281,0
Czechia,2021-01-16,"Moderna, Pfizer/BioNTech",https://onemocneni-aktualne.mzcr.cz/covid-19,118652,118652,0
Czechia,2021-01-17,"Moderna, Pfizer/BioNTech",https://onemocneni-aktualne.mzcr.cz/covid-19,121876,121244,632
Czechia,2021-01-18,"Moderna, Pfizer/BioNTech",https://onemocneni-aktualne.mzcr.cz/covid-19,136124,133692,2432
Czechia,2021-01-19,"Moderna, Pfizer/BioNTech",https://onemocneni-aktualne.mzcr.cz/covid-19,151251,146122,5129
Czechia,2021-01-20,"Moderna, Pfizer/BioNTech",https://onemocneni-aktualne.mzcr.cz/covid-19,167402,159654,7748
Czechia,2021-01-21,"Moderna, Pfizer/BioNTech",https://onemocneni-aktualne.mzcr.cz/covid-19,184601,175136,9465
Czechia,2021-01-22,"Moderna, Pfizer/BioNTech",https://onemocneni-aktualne.mzcr.cz/covid-19,200353,189855,10498
Czechia,2021-01-23,"Moderna, Pfizer/BioNTech",https://onemocneni-aktualne.mzcr.cz/covid-19,204481,193119,11362
Czechia,2021-01-24,"Moderna, Pfizer/BioNTech",https://onemocneni-aktualne.mzcr.cz/covid-19,207579,195356,12223
Czechia,2021-01-25,"Moderna, Pfizer/BioNTech",https://onemocneni-aktualne.mzcr.cz/covid-19,220115,204955,15160
Czechia,2021-01-26,"Moderna, Pfizer/BioNTech",https://onemocneni-aktualne.mzcr.cz/covid-19,234543,215435,19108
Czechia,2021-01-27,"Moderna, Pfizer/BioNTech",https://onemocneni-aktualne.mzcr.cz/covid-19,247985,224402,23583
Czechia,2021-01-28,"Moderna, Pfizer/BioNTech",https://onemocneni-aktualne.mzcr.cz/covid-19,261088,231428,29660
Czechia,2021-01-29,"Moderna, Pfizer/BioNTech",https://onemocneni-aktualne.mzcr.cz/covid-19,275032,237598,37434
Czechia,2021-01-30,"Moderna, Pfizer/BioNTech",https://onemocneni-aktualne.mzcr.cz/covid-19,276828,238315,38513
Czechia,2021-01-31,Pfizer/BioNTech,https://onemocneni-aktualne.mzcr.cz/covid-19,278664,239014,39650
Czechia,2021-02-01,"Moderna, Pfizer/BioNTech",https://onemocneni-aktualne.mzcr.cz/covid-19,290450,242943,47507
Czechia,2021-02-02,"Moderna, Pfizer/BioNTech",https://onemocneni-aktualne.mzcr.cz/covid-19,304701,247052,57649
Czechia,2021-02-03,"Moderna, Pfizer/BioNTech",https://onemocneni-aktualne.mzcr.cz/covid-19,320014,251432,68582
Czechia,2021-02-04,"Moderna, Pfizer/BioNTech",https://onemocneni-aktualne.mzcr.cz/covid-19,337759,256290,81469
Czechia,2021-02-05,"Moderna, Pfizer/BioNTech",https://onemocneni-aktualne.mzcr.cz/covid-19,353761,261709,92052
Czechia,2021-02-06,"Moderna, Pfizer/BioNTech",https://onemocneni-aktualne.mzcr.cz/covid-19,356922,262543,94379
Czechia,2021-02-07,"Moderna, Pfizer/BioNTech",https://onemocneni-aktualne.mzcr.cz/covid-19,360230,263386,96844
Czechia,2021-02-08,"Moderna, Pfizer/BioNTech",https://onemocneni-aktualne.mzcr.cz/covid-19,375548,267389,108159
Czechia,2021-02-09,"Moderna, Pfizer/BioNTech",https://onemocneni-aktualne.mzcr.cz/covid-19,392412,272418,119994
Czechia,2021-02-10,"Moderna, Pfizer/BioNTech",https://onemocneni-aktualne.mzcr.cz/covid-19,410988,277924,133064
Czechia,2021-02-11,"Moderna, Oxford/AstraZeneca, Pfizer/BioNTech",https://onemocneni-aktualne.mzcr.cz/covid-19,433172,284163,149009
Czechia,2021-02-12,"Moderna, Oxford/AstraZeneca, Pfizer/BioNTech",https://onemocneni-aktualne.mzcr.cz/covid-19,454458,290853,163605
Czechia,2021-02-13,"Moderna, Oxford/AstraZeneca, Pfizer/BioNTech",https://onemocneni-aktualne.mzcr.cz/covid-19,458983,292426,166557
Czechia,2021-02-14,"Moderna, Oxford/AstraZeneca, Pfizer/BioNTech",https://onemocneni-aktualne.mzcr.cz/covid-19,461334,293411,167923
Czechia,2021-02-15,"Moderna, Oxford/AstraZeneca, Pfizer/BioNTech",https://onemocneni-aktualne.mzcr.cz/covid-19,476942,299729,177213
Czechia,2021-02-16,"Moderna, Oxford/AstraZeneca, Pfizer/BioNTech",https://onemocneni-aktualne.mzcr.cz/covid-19,494446,308324,186122
Czechia,2021-02-17,"Moderna, Oxford/AstraZeneca, Pfizer/BioNTech",https://onemocneni-aktualne.mzcr.cz/covid-19,512277,317947,194330
Czechia,2021-02-18,"Moderna, Oxford/AstraZeneca, Pfizer/BioNTech",https://onemocneni-aktualne.mzcr.cz/covid-19,532451,330170,202281
Czechia,2021-02-19,"Moderna, Oxford/AstraZeneca, Pfizer/BioNTech",https://onemocneni-aktualne.mzcr.cz/covid-19,551359,341873,209486
Czechia,2021-02-20,"Moderna, Oxford/AstraZeneca, Pfizer/BioNTech",https://onemocneni-aktualne.mzcr.cz/covid-19,554427,343779,210648
Czechia,2021-02-21,"Moderna, Oxford/AstraZeneca, Pfizer/BioNTech",https://onemocneni-aktualne.mzcr.cz/covid-19,556445,344797,211648
Czechia,2021-02-22,"Moderna, Oxford/AstraZeneca, Pfizer/BioNTech",https://onemocneni-aktualne.mzcr.cz/covid-19,572454,354839,217615
Czechia,2021-02-23,"Moderna, Oxford/AstraZeneca, Pfizer/BioNTech",https://onemocneni-aktualne.mzcr.cz/covid-19,592112,367612,224500
Czechia,2021-02-24,"Moderna, Oxford/AstraZeneca, Pfizer/BioNTech",https://onemocneni-aktualne.mzcr.cz/covid-19,611820,381349,230471
Czechia,2021-02-25,"Moderna, Oxford/AstraZeneca, Pfizer/BioNTech",https://onemocneni-aktualne.mzcr.cz/covid-19,635142,399179,235963
Czechia,2021-02-26,"Moderna, Oxford/AstraZeneca, Pfizer/BioNTech",https://onemocneni-aktualne.mzcr.cz/covid-19,656377,415164,241213
Czechia,2021-02-27,"Moderna, Oxford/AstraZeneca, Pfizer/BioNTech",https://onemocneni-aktualne.mzcr.cz/covid-19,659847,418086,241761
Czechia,2021-02-28,"Moderna, Oxford/AstraZeneca, Pfizer/BioNTech",https://onemocneni-aktualne.mzcr.cz/covid-19,662708,420408,242300
Czechia,2021-03-01,"Moderna, Oxford/AstraZeneca, Pfizer/BioNTech",https://onemocneni-aktualne.mzcr.cz/covid-19,685364,439647,245717
Czechia,2021-03-02,"Moderna, Oxford/AstraZeneca, Pfizer/BioNTech",https://onemocneni-aktualne.mzcr.cz/covid-19,715519,466300,249219
Czechia,2021-03-03,"Moderna, Oxford/AstraZeneca, Pfizer/BioNTech",https://onemocneni-aktualne.mzcr.cz/covid-19,750179,496507,253672
Czechia,2021-03-04,"Moderna, Oxford/AstraZeneca, Pfizer/BioNTech",https://onemocneni-aktualne.mzcr.cz/covid-19,787168,528926,258242
Czechia,2021-03-05,"Moderna, Oxford/AstraZeneca, Pfizer/BioNTech",https://onemocneni-aktualne.mzcr.cz/covid-19,820629,557070,263559
Czechia,2021-03-06,"Moderna, Oxford/AstraZeneca, Pfizer/BioNTech",https://onemocneni-aktualne.mzcr.cz/covid-19,833355,568964,264391
Czechia,2021-03-07,"Moderna, Oxford/AstraZeneca, Pfizer/BioNTech",https://onemocneni-aktualne.mzcr.cz/covid-19,845550,580338,265212
Czechia,2021-03-08,"Moderna, Oxford/AstraZeneca, Pfizer/BioNTech",https://onemocneni-aktualne.mzcr.cz/covid-19,879425,609493,269932
Czechia,2021-03-09,"Moderna, Oxford/AstraZeneca, Pfizer/BioNTech",https://onemocneni-aktualne.mzcr.cz/covid-19,921285,645055,276230
Czechia,2021-03-10,"Moderna, Oxford/AstraZeneca, Pfizer/BioNTech",https://onemocneni-aktualne.mzcr.cz/covid-19,968844,685742,283102
Czechia,2021-03-11,"Moderna, Oxford/AstraZeneca, Pfizer/BioNTech",https://onemocneni-aktualne.mzcr.cz/covid-19,1021194,729822,291372
Czechia,2021-03-12,"Moderna, Oxford/AstraZeneca, Pfizer/BioNTech",https://onemocneni-aktualne.mzcr.cz/covid-19,1067600,767896,299704
Czechia,2021-03-13,"Moderna, Oxford/AstraZeneca, Pfizer/BioNTech",https://onemocneni-aktualne.mzcr.cz/covid-19,1085585,784614,300971
Czechia,2021-03-14,"Moderna, Oxford/AstraZeneca, Pfizer/BioNTech",https://onemocneni-aktualne.mzcr.cz/covid-19,1098621,796533,302088
Czechia,2021-03-15,"Moderna, Oxford/AstraZeneca, Pfizer/BioNTech",https://onemocneni-aktualne.mzcr.cz/covid-19,1135066,824293,310773
Czechia,2021-03-16,"Moderna, Oxford/AstraZeneca, Pfizer/BioNTech",https://onemocneni-aktualne.mzcr.cz/covid-19,1183575,862418,321157
Czechia,2021-03-17,"Moderna, Oxford/AstraZeneca, Pfizer/BioNTech",https://onemocneni-aktualne.mzcr.cz/covid-19,1230728,899162,331566
Czechia,2021-03-18,"Moderna, Oxford/AstraZeneca, Pfizer/BioNTech",https://onemocneni-aktualne.mzcr.cz/covid-19,1280024,936155,343869
Czechia,2021-03-19,"Moderna, Oxford/AstraZeneca, Pfizer/BioNTech",https://onemocneni-aktualne.mzcr.cz/covid-19,1327063,969797,357266
Czechia,2021-03-20,"Moderna, Oxford/AstraZeneca, Pfizer/BioNTech",https://onemocneni-aktualne.mzcr.cz/covid-19,1343701,984444,359257
Czechia,2021-03-21,"Moderna, Oxford/AstraZeneca, Pfizer/BioNTech",https://onemocneni-aktualne.mzcr.cz/covid-19,1352513,991738,360775
Czechia,2021-03-22,"Moderna, Oxford/AstraZeneca, Pfizer/BioNTech",https://onemocneni-aktualne.mzcr.cz/covid-19,1388783,1015688,373095
Czechia,2021-03-23,"Moderna, Oxford/AstraZeneca, Pfizer/BioNTech",https://onemocneni-aktualne.mzcr.cz/covid-19,1427883,1041585,386298
Czechia,2021-03-24,"Moderna, Oxford/AstraZeneca, Pfizer/BioNTech",https://onemocneni-aktualne.mzcr.cz/covid-19,1469718,1067862,401856
Czechia,2021-03-25,"Moderna, Oxford/AstraZeneca, Pfizer/BioNTech",https://onemocneni-aktualne.mzcr.cz/covid-19,1513165,1093671,419494
Czechia,2021-03-26,"Moderna, Oxford/AstraZeneca, Pfizer/BioNTech",https://onemocneni-aktualne.mzcr.cz/covid-19,1554542,1117760,436782
Czechia,2021-03-27,"Moderna, Oxford/AstraZeneca, Pfizer/BioNTech",https://onemocneni-aktualne.mzcr.cz/covid-19,1567470,1125956,441514
Czechia,2021-03-28,"Moderna, Oxford/AstraZeneca, Pfizer/BioNTech",https://onemocneni-aktualne.mzcr.cz/covid-19,1576969,1131386,445583
Czechia,2021-03-29,"Moderna, Oxford/AstraZeneca, Pfizer/BioNTech",https://onemocneni-aktualne.mzcr.cz/covid-19,1615668,1149727,465941
Czechia,2021-03-30,"Moderna, Oxford/AstraZeneca, Pfizer/BioNTech",https://onemocneni-aktualne.mzcr.cz/covid-19,1661086,1173327,487759
Czechia,2021-03-31,"Moderna, Oxford/AstraZeneca, Pfizer/BioNTech",https://onemocneni-aktualne.mzcr.cz/covid-19,1709456,1195399,514057
Czechia,2021-04-01,"Moderna, Oxford/AstraZeneca, Pfizer/BioNTech",https://onemocneni-aktualne.mzcr.cz/covid-19,1762007,1218071,543936
