location,date,vaccine,source_url,total_vaccinations,people_vaccinated,people_fully_vaccinated
Denmark,2020-12-27,Pfizer/BioNTech,https://covid19.ssi.dk/overvagningsdata/vaccinationstilslutning,6414,6414,
Denmark,2020-12-28,Pfizer/BioNTech,https://covid19.ssi.dk/overvagningsdata/vaccinationstilslutning,8403,8403,
Denmark,2020-12-29,Pfizer/BioNTech,https://covid19.ssi.dk/overvagningsdata/vaccinationstilslutning,17259,17259,
Denmark,2020-12-30,Pfizer/BioNTech,https://covid19.ssi.dk/overvagningsdata/vaccinationstilslutning,28615,28615,
Denmark,2020-12-31,Pfizer/BioNTech,https://covid19.ssi.dk/overvagningsdata/vaccinationstilslutning,34710,34710,
Denmark,2021-01-01,Pfizer/BioNTech,https://covid19.ssi.dk/overvagningsdata/vaccinationstilslutning,37024,37024,
Denmark,2021-01-02,Pfizer/BioNTech,https://covid19.ssi.dk/overvagningsdata/vaccinationstilslutning,45809,45809,
Denmark,2021-01-03,Pfizer/BioNTech,https://covid19.ssi.dk/overvagningsdata/vaccinationstilslutning,51734,51734,
Denmark,2021-01-04,Pfizer/BioNTech,https://covid19.ssi.dk/overvagningsdata/vaccinationstilslutning,54124,54124,
Denmark,2021-01-05,Pfizer/BioNTech,https://covid19.ssi.dk/overvagningsdata/vaccinationstilslutning,67511,67511,
Denmark,2021-01-06,Pfizer/BioNTech,https://covid19.ssi.dk/overvagningsdata/vaccinationstilslutning,87064,87064,
Denmark,2021-01-07,Pfizer/BioNTech,https://covid19.ssi.dk/overvagningsdata/vaccinationstilslutning,104374,104374,
Denmark,2021-01-08,Pfizer/BioNTech,https://covid19.ssi.dk/overvagningsdata/vaccinationstilslutning,112746,112746,
Denmark,2021-01-09,Pfizer/BioNTech,https://covid19.ssi.dk/overvagningsdata/vaccinationstilslutning,114644,114644,
Denmark,2021-01-10,Pfizer/BioNTech,https://covid19.ssi.dk/overvagningsdata/vaccinationstilslutning,115457,115457,
Denmark,2021-01-11,Pfizer/BioNTech,https://covid19.ssi.dk/overvagningsdata/vaccinationstilslutning,116114,116114,
Denmark,2021-01-12,Pfizer/BioNTech,https://covid19.ssi.dk/overvagningsdata/vaccinationstilslutning,116576,116576,
Denmark,2021-01-13,"Moderna, Pfizer/BioNTech",https://covid19.ssi.dk/overvagningsdata/vaccinationstilslutning,129252,129252,
Denmark,2021-01-14,"Moderna, Pfizer/BioNTech",https://covid19.ssi.dk/overvagningsdata/vaccinationstilslutning,147073,147073,
Denmark,2021-01-15,"Moderna, Pfizer/BioNTech",https://covid19.ssi.dk/overvagningsdata/vaccinationstilslutning,162204,162199,5
Denmark,2021-01-16,"Moderna, Pfizer/BioNTech",https://covid19.ssi.dk/overvagningsdata/vaccinationstilslutning,166797,166785,12
Denmark,2021-01-17,"Moderna, Pfizer/BioNTech",https://covid19.ssi.dk/overvagningsdata/vaccinationstilslutning,170008,169293,715
Denmark,2021-01-18,"Moderna, Pfizer/BioNTech",https://covid19.ssi.dk/overvagningsdata/vaccinationstilslutning,175983,173149,2834
Denmark,2021-01-19,"Moderna, Pfizer/BioNTech",https://covid19.ssi.dk/overvagningsdata/vaccinationstilslutning,180530,175618,4912
Denmark,2021-01-20,"Moderna, Pfizer/BioNTech",https://covid19.ssi.dk/overvagningsdata/vaccinationstilslutning,183903,177117,6786
Denmark,2021-01-21,"Moderna, Pfizer/BioNTech",https://covid19.ssi.dk/overvagningsdata/vaccinationstilslutning,187764,178635,9129
Denmark,2021-01-22,"Moderna, Pfizer/BioNTech",https://covid19.ssi.dk/overvagningsdata/vaccinationstilslutning,194072,179298,14774
Denmark,2021-01-23,"Moderna, Pfizer/BioNTech",https://covid19.ssi.dk/overvagningsdata/vaccinationstilslutning,201971,180059,21912
Denmark,2021-01-24,"Moderna, Pfizer/BioNTech",https://covid19.ssi.dk/overvagningsdata/vaccinationstilslutning,209108,180668,28440
Denmark,2021-01-25,"Moderna, Pfizer/BioNTech",https://covid19.ssi.dk/overvagningsdata/vaccinationstilslutning,211878,180937,30941
Denmark,2021-01-26,"Moderna, Pfizer/BioNTech",https://covid19.ssi.dk/overvagningsdata/vaccinationstilslutning,213827,181150,32677
Denmark,2021-01-27,"Moderna, Pfizer/BioNTech",https://covid19.ssi.dk/overvagningsdata/vaccinationstilslutning,218391,181355,37036
Denmark,2021-01-28,"Moderna, Pfizer/BioNTech",https://covid19.ssi.dk/overvagningsdata/vaccinationstilslutning,226720,181583,45137
Denmark,2021-01-29,"Moderna, Pfizer/BioNTech",https://covid19.ssi.dk/overvagningsdata/vaccinationstilslutning,246116,182707,63409
Denmark,2021-01-30,"Moderna, Pfizer/BioNTech",https://covid19.ssi.dk/overvagningsdata/vaccinationstilslutning,260243,183916,76327
Denmark,2021-01-31,"Moderna, Pfizer/BioNTech",https://covid19.ssi.dk/overvagningsdata/vaccinationstilslutning,273756,185150,88606
Denmark,2021-02-01,"Moderna, Pfizer/BioNTech",https://covid19.ssi.dk/overvagningsdata/vaccinationstilslutning,282386,185902,96484
Denmark,2021-02-02,"Moderna, Pfizer/BioNTech",https://covid19.ssi.dk/overvagningsdata/vaccinationstilslutning,287441,187934,99507
Denmark,2021-02-03,"Moderna, Pfizer/BioNTech",https://covid19.ssi.dk/overvagningsdata/vaccinationstilslutning,295165,189473,105692
Denmark,2021-02-04,"Moderna, Pfizer/BioNTech",https://covid19.ssi.dk/overvagningsdata/vaccinationstilslutning,307488,190906,116582
Denmark,2021-02-05,"Moderna, Pfizer/BioNTech",https://covid19.ssi.dk/overvagningsdata/vaccinationstilslutning,322517,192490,130027
Denmark,2021-02-06,"Moderna, Pfizer/BioNTech",https://covid19.ssi.dk/overvagningsdata/vaccinationstilslutning,330309,193525,136784
Denmark,2021-02-07,"Moderna, Pfizer/BioNTech",https://covid19.ssi.dk/overvagningsdata/vaccinationstilslutning,335850,195434,140416
Denmark,2021-02-08,"Moderna, Oxford/AstraZeneca, Pfizer/BioNTech",https://covid19.ssi.dk/overvagningsdata/vaccinationstilslutning,345433,197979,147454
Denmark,2021-02-09,"Moderna, Oxford/AstraZeneca, Pfizer/BioNTech",https://covid19.ssi.dk/overvagningsdata/vaccinationstilslutning,353895,201531,152364
Denmark,2021-02-10,"Moderna, Oxford/AstraZeneca, Pfizer/BioNTech",https://covid19.ssi.dk/overvagningsdata/vaccinationstilslutning,361086,204815,156271
Denmark,2021-02-11,"Moderna, Oxford/AstraZeneca, Pfizer/BioNTech",https://covid19.ssi.dk/overvagningsdata/vaccinationstilslutning,369203,210479,158724
Denmark,2021-02-12,"Moderna, Oxford/AstraZeneca, Pfizer/BioNTech",https://covid19.ssi.dk/overvagningsdata/vaccinationstilslutning,388855,222516,166339
Denmark,2021-02-13,"Moderna, Oxford/AstraZeneca, Pfizer/BioNTech",https://covid19.ssi.dk/overvagningsdata/vaccinationstilslutning,396380,229069,167311
Denmark,2021-02-14,"Moderna, Oxford/AstraZeneca, Pfizer/BioNTech",https://covid19.ssi.dk/overvagningsdata/vaccinationstilslutning,403239,235301,167938
Denmark,2021-02-15,"Moderna, Oxford/AstraZeneca, Pfizer/BioNTech",https://covid19.ssi.dk/overvagningsdata/vaccinationstilslutning,420243,249168,171075
Denmark,2021-02-16,"Moderna, Oxford/AstraZeneca, Pfizer/BioNTech",https://covid19.ssi.dk/overvagningsdata/vaccinationstilslutning,434823,262416,172407
Denmark,2021-02-17,"Moderna, Oxford/AstraZeneca, Pfizer/BioNTech",https://covid19.ssi.dk/overvagningsdata/vaccinationstilslutning,445737,272901,172836
Denmark,2021-02-18,"Moderna, Oxford/AstraZeneca, Pfizer/BioNTech",https://covid19.ssi.dk/overvagningsdata/vaccinationstilslutning,457518,284376,173142
Denmark,2021-02-19,"Moderna, Oxford/AstraZeneca, Pfizer/BioNTech",https://covid19.ssi.dk/overvagningsdata/vaccinationstilslutning,472398,298290,174108
Denmark,2021-02-20,"Moderna, Oxford/AstraZeneca, Pfizer/BioNTech",https://covid19.ssi.dk/overvagningsdata/vaccinationstilslutning,483494,308812,174682
Denmark,2021-02-21,"Moderna, Oxford/AstraZeneca, Pfizer/BioNTech",https://covid19.ssi.dk/overvagningsdata/vaccinationstilslutning,494666,319636,175030
Denmark,2021-02-22,"Moderna, Oxford/AstraZeneca, Pfizer/BioNTech",https://covid19.ssi.dk/overvagningsdata/vaccinationstilslutning,509281,333162,176119
Denmark,2021-02-23,"Moderna, Oxford/AstraZeneca, Pfizer/BioNTech",https://covid19.ssi.dk/overvagningsdata/vaccinationstilslutning,525650,347582,178068
Denmark,2021-02-24,"Moderna, Oxford/AstraZeneca, Pfizer/BioNTech",https://covid19.ssi.dk/overvagningsdata/vaccinationstilslutning,541329,361296,180033
Denmark,2021-02-25,"Moderna, Oxford/AstraZeneca, Pfizer/BioNTech",https://covid19.ssi.dk/overvagningsdata/vaccinationstilslutning,556434,375765,180669
Denmark,2021-02-26,"Moderna, Oxford/AstraZeneca, Pfizer/BioNTech",https://covid19.ssi.dk/overvagningsdata/vaccinationstilslutning,593444,411781,181663
Denmark,2021-02-27,"Moderna, Oxford/AstraZeneca, Pfizer/BioNTech",https://covid19.ssi.dk/overvagningsdata/vaccinationstilslutning,601604,418462,183142
Denmark,2021-02-28,"Moderna, Oxford/AstraZeneca, Pfizer/BioNTech",https://covid19.ssi.dk/overvagningsdata/vaccinationstilslutning,614039,429469,184570
Denmark,2021-03-01,"Moderna, Oxford/AstraZeneca, Pfizer/BioNTech",https://covid19.ssi.dk/overvagningsdata/vaccinationstilslutning,634881,449262,185619
Denmark,2021-03-02,"Moderna, Oxford/AstraZeneca, Pfizer/BioNTech",https://covid19.ssi.dk/overvagningsdata/vaccinationstilslutning,652895,465975,186920
Denmark,2021-03-03,"Moderna, Oxford/AstraZeneca, Pfizer/BioNTech",https://covid19.ssi.dk/overvagningsdata/vaccinationstilslutning,666925,478980,187945
Denmark,2021-03-04,"Moderna, Oxford/AstraZeneca, Pfizer/BioNTech",https://covid19.ssi.dk/overvagningsdata/vaccinationstilslutning,686169,496412,189757
Denmark,2021-03-05,"Moderna, Oxford/AstraZeneca, Pfizer/BioNTech",https://covid19.ssi.dk/overvagningsdata/vaccinationstilslutning,708498,513063,195435
Denmark,2021-03-06,"Moderna, Oxford/AstraZeneca, Pfizer/BioNTech",https://covid19.ssi.dk/overvagningsdata/vaccinationstilslutning,727131,527687,199444
Denmark,2021-03-07,"Moderna, Oxford/AstraZeneca, Pfizer/BioNTech",https://covid19.ssi.dk/overvagningsdata/vaccinationstilslutning,743550,539746,203804
Denmark,2021-03-08,"Moderna, Oxford/AstraZeneca, Pfizer/BioNTech",https://covid19.ssi.dk/overvagningsdata/vaccinationstilslutning,759647,549363,210284
Denmark,2021-03-09,"Moderna, Oxford/AstraZeneca, Pfizer/BioNTech",https://covid19.ssi.dk/overvagningsdata/vaccinationstilslutning,777827,560291,217536
Denmark,2021-03-10,"Moderna, Oxford/AstraZeneca, Pfizer/BioNTech",https://covid19.ssi.dk/overvagningsdata/vaccinationstilslutning,797187,572361,224826
Denmark,2021-03-11,"Moderna, Oxford/AstraZeneca, Pfizer/BioNTech",https://covid19.ssi.dk/overvagningsdata/vaccinationstilslutning,809848,576957,232891
Denmark,2021-03-12,"Moderna, Oxford/AstraZeneca, Pfizer/BioNTech",https://covid19.ssi.dk/overvagningsdata/vaccinationstilslutning,823892,580319,243573
Denmark,2021-03-13,"Moderna, Oxford/AstraZeneca, Pfizer/BioNTech",https://covid19.ssi.dk/overvagningsdata/vaccinationstilslutning,834403,584855,249548
Denmark,2021-03-14,"Moderna, Oxford/AstraZeneca, Pfizer/BioNTech",https://covid19.ssi.dk/overvagningsdata/vaccinationstilslutning,845071,586088,258983
Denmark,2021-03-15,"Moderna, Oxford/AstraZeneca, Pfizer/BioNTech",https://covid19.ssi.dk/overvagningsdata/vaccinationstilslutning,857872,588923,268949
Denmark,2021-03-16,"Moderna, Oxford/AstraZeneca, Pfizer/BioNTech",https://covid19.ssi.dk/overvagningsdata/vaccinationstilslutning,874206,595736,278470
Denmark,2021-03-17,"Moderna, Oxford/AstraZeneca, Pfizer/BioNTech",https://covid19.ssi.dk/overvagningsdata/vaccinationstilslutning,894183,606459,287724
Denmark,2021-03-18,"Moderna, Oxford/AstraZeneca, Pfizer/BioNTech",https://covid19.ssi.dk/overvagningsdata/vaccinationstilslutning,916058,621087,294971
Denmark,2021-03-19,"Moderna, Oxford/AstraZeneca, Pfizer/BioNTech",https://covid19.ssi.dk/overvagningsdata/vaccinationstilslutning,935648,628849,306799
Denmark,2021-03-20,"Moderna, Oxford/AstraZeneca, Pfizer/BioNTech",https://covid19.ssi.dk/overvagningsdata/vaccinationstilslutning,943460,631787,311673
Denmark,2021-03-21,"Moderna, Oxford/AstraZeneca, Pfizer/BioNTech",https://covid19.ssi.dk/overvagningsdata/vaccinationstilslutning,953083,636717,316366
Denmark,2021-03-22,"Moderna, Oxford/AstraZeneca, Pfizer/BioNTech",https://covid19.ssi.dk/overvagningsdata/vaccinationstilslutning,965038,640835,324203
Denmark,2021-03-23,"Moderna, Oxford/AstraZeneca, Pfizer/BioNTech",https://covid19.ssi.dk/overvagningsdata/vaccinationstilslutning,978796,646944,331852
Denmark,2021-03-24,"Moderna, Oxford/AstraZeneca, Pfizer/BioNTech",https://covid19.ssi.dk/overvagningsdata/vaccinationstilslutning,1002195,656810,345385
Denmark,2021-03-25,"Moderna, Oxford/AstraZeneca, Pfizer/BioNTech",https://covid19.ssi.dk/overvagningsdata/vaccinationstilslutning,1018426,664546,353880
Denmark,2021-03-26,"Moderna, Oxford/AstraZeneca, Pfizer/BioNTech",https://covid19.ssi.dk/overvagningsdata/vaccinationstilslutning,1032495,670693,361802
Denmark,2021-03-27,"Moderna, Oxford/AstraZeneca, Pfizer/BioNTech",https://covid19.ssi.dk/overvagningsdata/vaccinationstilslutning,1045632,680691,364941
Denmark,2021-03-28,"Moderna, Oxford/AstraZeneca, Pfizer/BioNTech",https://covid19.ssi.dk/overvagningsdata/vaccinationstilslutning,1059217,691500,367717
Denmark,2021-03-29,"Moderna, Oxford/AstraZeneca, Pfizer/BioNTech",https://covid19.ssi.dk/overvagningsdata/vaccinationstilslutning,1083154,709394,373760
Denmark,2021-03-30,"Moderna, Oxford/AstraZeneca, Pfizer/BioNTech",https://covid19.ssi.dk/overvagningsdata/vaccinationstilslutning,1110824,731040,379784
Denmark,2021-03-31,"Moderna, Oxford/AstraZeneca, Pfizer/BioNTech",https://covid19.ssi.dk/overvagningsdata/vaccinationstilslutning,1133676,744087,389589
