location,date,vaccine,source_url,total_vaccinations,people_vaccinated,people_fully_vaccinated
Guatemala,2021-02-25,Moderna,https://www.prensalibre.com/guatemala/comunitario/primeras-vacunas-contra-el-coronavirus-donadas-por-israel-llegan-a-guatemala-breaking/,0,0,0
Guatemala,2021-02-27,Moderna,https://tablerocovid.mspas.gob.gt/,2224,2224,0
Guatemala,2021-03-01,Moderna,https://gtmvigilanciacovid.shinyapps.io/3869aac0fb95d6baf2c80f19f2da5f98,2427,2427,0
Guatemala,2021-03-11,Moderna,https://gtmvigilanciacovid.shinyapps.io/3869aac0fb95d6baf2c80f19f2da5f98,19947,19947,0
Guatemala,2021-03-12,Moderna,https://gtmvigilanciacovid.shinyapps.io/3869aac0fb95d6baf2c80f19f2da5f98,28534,28534,0
Guatemala,2021-03-13,Moderna,https://gtmvigilanciacovid.shinyapps.io/3869aac0fb95d6baf2c80f19f2da5f98,30890,30890,0
Guatemala,2021-03-14,Moderna,https://gtmvigilanciacovid.shinyapps.io/3869aac0fb95d6baf2c80f19f2da5f98,34217,34217,0
Guatemala,2021-03-15,Moderna,https://gtmvigilanciacovid.shinyapps.io/3869aac0fb95d6baf2c80f19f2da5f98,42330,42330,0
Guatemala,2021-03-16,Moderna,https://gtmvigilanciacovid.shinyapps.io/3869aac0fb95d6baf2c80f19f2da5f98,48130,48130,0
Guatemala,2021-03-17,Moderna,https://gtmvigilanciacovid.shinyapps.io/3869aac0fb95d6baf2c80f19f2da5f98,55060,55060,0
Guatemala,2021-03-18,Moderna,https://gtmvigilanciacovid.shinyapps.io/3869aac0fb95d6baf2c80f19f2da5f98,60182,60182,0
Guatemala,2021-03-19,Moderna,https://gtmvigilanciacovid.shinyapps.io/3869aac0fb95d6baf2c80f19f2da5f98,66399,66399,0
Guatemala,2021-03-20,Moderna,https://gtmvigilanciacovid.shinyapps.io/3869aac0fb95d6baf2c80f19f2da5f98,68852,68852,0
Guatemala,2021-03-21,Moderna,https://gtmvigilanciacovid.shinyapps.io/3869aac0fb95d6baf2c80f19f2da5f98,69266,69266,0
Guatemala,2021-03-22,Moderna,https://gtmvigilanciacovid.shinyapps.io/3869aac0fb95d6baf2c80f19f2da5f98,72405,72405,0
Guatemala,2021-03-23,Moderna,https://gtmvigilanciacovid.shinyapps.io/3869aac0fb95d6baf2c80f19f2da5f98,78350,78350,0
Guatemala,2021-03-24,Moderna,https://gtmvigilanciacovid.shinyapps.io/3869aac0fb95d6baf2c80f19f2da5f98,83076,83076,0
Guatemala,2021-03-25,Moderna,https://gtmvigilanciacovid.shinyapps.io/3869aac0fb95d6baf2c80f19f2da5f98,88694,88694,0
Guatemala,2021-03-26,Moderna,https://gtmvigilanciacovid.shinyapps.io/3869aac0fb95d6baf2c80f19f2da5f98,91918,91918,0
Guatemala,2021-03-27,Moderna,https://gtmvigilanciacovid.shinyapps.io/3869aac0fb95d6baf2c80f19f2da5f98,93601,93231,370
Guatemala,2021-03-28,Moderna,https://gtmvigilanciacovid.shinyapps.io/3869aac0fb95d6baf2c80f19f2da5f98,94272,93902,370
Guatemala,2021-03-29,Moderna,https://gtmvigilanciacovid.shinyapps.io/3869aac0fb95d6baf2c80f19f2da5f98,98920,98402,518
Guatemala,2021-03-30,Moderna,https://gtmvigilanciacovid.shinyapps.io/3869aac0fb95d6baf2c80f19f2da5f98,104919,103959,960
Guatemala,2021-03-31,Moderna,https://gtmvigilanciacovid.shinyapps.io/3869aac0fb95d6baf2c80f19f2da5f98,108165,106973,1192
