location,date,vaccine,source_url,total_vaccinations,people_vaccinated,people_fully_vaccinated
Jamaica,2021-03-09,Oxford/AstraZeneca,https://www.voanews.com/covid-19-pandemic/jamaica-launches-covid-19-vaccinations,0,0,
Jamaica,2021-03-14,Oxford/AstraZeneca,https://jis.gov.jm/jamaica-receives-14400-doses-of-vaccines-under-covax/,12099,12099,
Jamaica,2021-03-16,Oxford/AstraZeneca,https://www.facebook.com/themohgovjm/photos/a.756474764406959/3772446396143099/,16096,16096,
Jamaica,2021-03-25,Oxford/AstraZeneca,https://jamaica-gleaner.com/article/news/20210327/more-33000-jamaicans-have-received-first-vaccine-shot,33000,33000,
