location,date,vaccine,source_url,total_vaccinations,people_vaccinated,people_fully_vaccinated
Japan,2021-02-17,Pfizer/BioNTech,https://www.mhlw.go.jp/stf/seisakunitsuite/bunya/vaccine_sesshujisseki.html,125,125,0
Japan,2021-02-18,Pfizer/BioNTech,https://www.mhlw.go.jp/stf/seisakunitsuite/bunya/vaccine_sesshujisseki.html,611,611,0
Japan,2021-02-19,Pfizer/BioNTech,https://www.mhlw.go.jp/stf/seisakunitsuite/bunya/vaccine_sesshujisseki.html,5039,5039,0
Japan,2021-02-22,Pfizer/BioNTech,https://www.mhlw.go.jp/stf/seisakunitsuite/bunya/vaccine_sesshujisseki.html,11934,11934,0
Japan,2021-02-24,Pfizer/BioNTech,https://www.mhlw.go.jp/stf/seisakunitsuite/bunya/vaccine_sesshujisseki.html,17888,17888,0
Japan,2021-02-25,Pfizer/BioNTech,https://www.mhlw.go.jp/stf/seisakunitsuite/bunya/vaccine_sesshujisseki.html,21896,21896,0
Japan,2021-02-26,Pfizer/BioNTech,https://www.mhlw.go.jp/stf/seisakunitsuite/bunya/vaccine_sesshujisseki.html,28530,28530,0
Japan,2021-03-01,Pfizer/BioNTech,https://www.mhlw.go.jp/stf/seisakunitsuite/bunya/vaccine_sesshujisseki.html,31785,31785,0
Japan,2021-03-02,Pfizer/BioNTech,https://www.mhlw.go.jp/stf/seisakunitsuite/bunya/vaccine_sesshujisseki.html,34772,34772,0
Japan,2021-03-03,Pfizer/BioNTech,https://www.mhlw.go.jp/stf/seisakunitsuite/bunya/vaccine_sesshujisseki.html,37303,37303,0
Japan,2021-03-04,Pfizer/BioNTech,https://www.mhlw.go.jp/stf/seisakunitsuite/bunya/vaccine_sesshujisseki.html,39174,39174,0
Japan,2021-03-05,Pfizer/BioNTech,https://www.mhlw.go.jp/stf/seisakunitsuite/bunya/vaccine_sesshujisseki.html,46469,46469,0
Japan,2021-03-08,Pfizer/BioNTech,https://www.mhlw.go.jp/stf/seisakunitsuite/bunya/vaccine_sesshujisseki.html,70796,70796,0
Japan,2021-03-09,Pfizer/BioNTech,https://www.mhlw.go.jp/stf/seisakunitsuite/bunya/vaccine_sesshujisseki.html,107558,107558,0
Japan,2021-03-10,Pfizer/BioNTech,https://www.mhlw.go.jp/stf/seisakunitsuite/bunya/vaccine_sesshujisseki.html,148950,148915,35
Japan,2021-03-11,Pfizer/BioNTech,https://www.mhlw.go.jp/stf/seisakunitsuite/bunya/vaccine_sesshujisseki.html,181184,180741,443
Japan,2021-03-12,Pfizer/BioNTech,https://www.mhlw.go.jp/stf/seisakunitsuite/bunya/vaccine_sesshujisseki.html,230542,227194,3348
Japan,2021-03-15,Pfizer/BioNTech,https://www.mhlw.go.jp/stf/seisakunitsuite/bunya/vaccine_sesshujisseki.html,290275,282398,7877
Japan,2021-03-16,Pfizer/BioNTech,https://www.mhlw.go.jp/stf/seisakunitsuite/bunya/vaccine_sesshujisseki.html,359191,349844,9347
Japan,2021-03-17,Pfizer/BioNTech,https://www.mhlw.go.jp/stf/seisakunitsuite/bunya/vaccine_sesshujisseki.html,437485,423196,14289
Japan,2021-03-18,Pfizer/BioNTech,https://www.mhlw.go.jp/stf/seisakunitsuite/bunya/vaccine_sesshujisseki.html,508702,490413,18289
Japan,2021-03-19,Pfizer/BioNTech,https://www.mhlw.go.jp/stf/seisakunitsuite/bunya/vaccine_sesshujisseki.html,578835,553454,25381
Japan,2021-03-22,Pfizer/BioNTech,https://www.mhlw.go.jp/stf/seisakunitsuite/bunya/vaccine_sesshujisseki.html,652698,623569,29129
Japan,2021-03-23,Pfizer/BioNTech,https://www.mhlw.go.jp/stf/seisakunitsuite/bunya/vaccine_sesshujisseki.html,699126,667370,31756
Japan,2021-03-24,Pfizer/BioNTech,https://www.mhlw.go.jp/stf/seisakunitsuite/bunya/vaccine_sesshujisseki.html,741180,706101,35079
Japan,2021-03-25,Pfizer/BioNTech,https://www.mhlw.go.jp/stf/seisakunitsuite/bunya/vaccine_sesshujisseki.html,775122,737672,37450
Japan,2021-03-26,Pfizer/BioNTech,https://www.mhlw.go.jp/stf/seisakunitsuite/bunya/vaccine_sesshujisseki.html,822869,781665,41204
Japan,2021-03-29,Pfizer/BioNTech,https://www.mhlw.go.jp/stf/seisakunitsuite/bunya/vaccine_sesshujisseki.html,890662,825704,64958
Japan,2021-03-30,Pfizer/BioNTech,https://www.mhlw.go.jp/stf/seisakunitsuite/bunya/vaccine_sesshujisseki.html,949731,852946,96785
Japan,2021-03-31,Pfizer/BioNTech,https://www.mhlw.go.jp/stf/seisakunitsuite/bunya/vaccine_sesshujisseki.html,1002739,877159,125580
Japan,2021-04-01,Pfizer/BioNTech,https://www.mhlw.go.jp/stf/seisakunitsuite/bunya/vaccine_sesshujisseki.html,1050112,893315,156797
