location,date,vaccine,source_url,total_vaccinations,people_vaccinated,people_fully_vaccinated
Kazakhstan,2021-01-31,Sputnik V,https://www.aljazeera.com/news/2020/12/23/qatar-begins-coronavirus-vaccination-campaign,0,0,0
Kazakhstan,2021-02-11,Sputnik V,https://ortcom.kz/ru/novosti/qazaqstanda-14-mynnan-astam-medicina-qyzmetkeri-egildi,14000,14000,0
Kazakhstan,2021-02-24,Sputnik V,https://www.inform.kz/en/kazakhstan-administers-second-doses-of-covid-19-vaccine-to-over-2-000_a3757206,22294,20157,2137
Kazakhstan,2021-03-15,Sputnik V,https://www.inform.kz/en/18-807-received-second-covid-19-vaccine-doses-in-kazakhstan-so-far_a3764487,87902,69095,18807
Kazakhstan,2021-03-18,Sputnik V,https://menafn.com/1101775696/Over-19-thou-received-two-COVID-19-vaccine-doses-in-Kazakhstan,109995,90748,19247
