location,date,vaccine,source_url,total_vaccinations,people_vaccinated,people_fully_vaccinated
Kenya,2021-03-04,Oxford/AstraZeneca,https://www.dw.com/en/kenya-begins-covid-19-vaccinations/av-56787478,0,0,
Kenya,2021-03-10,Oxford/AstraZeneca,http://www.xinhuanet.com/english/2021-03/10/c_139800534.htm,4000,4000,
Kenya,2021-03-14,Oxford/AstraZeneca,https://allafrica.com/stories/202103150106.html,9144,9144,
Kenya,2021-03-17,Oxford/AstraZeneca,https://www.youtube.com/watch?v=XmZfFCD2Wfw,20000,20000,
Kenya,2021-03-24,Oxford/AstraZeneca,https://twitter.com/MOH_Kenya/status/1374739312651161603,64100,64100,
Kenya,2021-03-26,Oxford/AstraZeneca,https://www.health.go.ke/wp-content/uploads/2021/03/NERC-MoH-CS-Covid-Release-26.3.2021-i.pdf,90340,90340,
Kenya,2021-03-31,Oxford/AstraZeneca,https://nairobinews.nation.co.ke/news/aga-khan-hospital-resumes-covid-19-vaccination,161771,161771,
