location,date,vaccine,source_url,total_vaccinations,people_vaccinated,people_fully_vaccinated
Mexico,2020-12-24,Pfizer/BioNTech,https://www.gob.mx/salud/prensa/267-la-vacuna-contra-sars-cov-2-es-ahora-parte-de-las-estrategias-para-el-mejor-control-de-covid-19?idiom=es,2924,2924,
Mexico,2020-12-27,Pfizer/BioNTech,https://www.gob.mx/salud/prensa/269-continua-jornada-de-vacunacion-contra-covid-19-en-mexico,6824,6824,
Mexico,2020-12-28,Pfizer/BioNTech,https://www.gob.mx/salud/prensa/271-se-han-aplicado-mas-de-9-500-dosis-de-vacunas-contra-covid-19-a-personal-de-salud?idiom=es,9579,9579,
Mexico,2020-12-29,Pfizer/BioNTech,https://www.gob.mx/salud/prensa/273-se-han-aplicado-mas-de-18-mil-500-vacunas-contra-covid-19-informa-secretaria-de-salud?idiom=es,18529,18529,
Mexico,2020-12-30,Pfizer/BioNTech,https://www.gob.mx/salud/prensa/274-secretaria-de-salud-intensifica-busqueda-de-nueva-variante-de-sars-cov-2-identificada-en-reino-unido?idiom=es,24998,24998,
Mexico,2021-01-04,Pfizer/BioNTech,https://www.gob.mx/salud/prensa/002-se-aprueba-vacuna-de-astrazeneca-contra-covid-19-para-uso-de-emergencia-en-mexico,43960,43960,
Mexico,2021-01-05,Pfizer/BioNTech,https://www.gob.mx/salud/prensa/003-en-mexico-se-han-aplicado-mas-de-48-mil-vacunas-contra-covid-19?idiom=es,48236,48236,
Mexico,2021-01-06,Pfizer/BioNTech,https://www.gob.mx/salud/prensa/004-continuidad-laboral-al-personal-de-enfermeria-que-se-sumo-a-la-lucha-contra-covid-19-insabi?idiom=es,53185,53185,
Mexico,2021-01-07,Pfizer/BioNTech,https://www.gob.mx/salud/prensa/005-vacunas-contra-covid-19-son-gratuitas-no-se-pueden-comercializar-ricardo-cortes-alcala?idiom=es,58402,58402,
Mexico,2021-01-08,Pfizer/BioNTech,https://www.gob.mx/salud/prensa/version-estenografica-conferencia-de-prensa-informe-diario-sobre-coronavirus-covid-19-en-mexico-260915?idiom=es,67468,67468,
Mexico,2021-01-09,Pfizer/BioNTech,https://www.gob.mx/salud/prensa/008-atencion-medica-oportuna-puede-evitar-complicaciones-y-fallecimientos-por-covid-19-secretaria-de-salud?idiom=es,74794,74794,
Mexico,2021-01-10,Pfizer/BioNTech,https://www.gob.mx/salud/prensa/009-confirma-secretaria-de-salud-primer-caso-de-nueva-variante-de-sars-cov-2?idiom=es,81300,81300,
Mexico,2021-01-11,Pfizer/BioNTech,https://www.gob.mx/salud/prensa/010-mexico-podria-adquirir-hasta-24-millones-de-dosis-de-vacuna-rusa-sputnik-v-contra-covid-19?idiom=es,87060,87060,
Mexico,2021-01-12,Pfizer/BioNTech,https://twitter.com/NTelevisa_com/status/1349164374582308865,92879,92879,
Mexico,2021-01-13,Pfizer/BioNTech,https://www.gob.mx/salud/prensa/015-vacunacion-contra-covid-19-entra-en-etapa-expansiva-en-todo-el-territorio-nacional?idiom=es,192567,192567,
Mexico,2021-01-14,Pfizer/BioNTech,https://www.gob.mx/salud/prensa/329-mil-983-profesionales-de-la-salud-vacunados-contra-covid-19?idiom=es,329983,329983,
Mexico,2021-01-15,Pfizer/BioNTech,https://www.gob.mx/salud/prensa/018-inicia-aplicacion-de-segunda-dosis-de-vacuna-contra-covid-19-para-personal-de-salud?idiom=es,417375,415417,1958
Mexico,2021-01-16,Pfizer/BioNTech,https://www.gob.mx/salud/prensa/019-en-nueve-entidades-federativas-se-aplica-100-de-vacunas-recibidas-contra-el-virus-sars-cov-2?idiom=es,463246,461025,2221
Mexico,2021-01-17,Pfizer/BioNTech,https://www.gob.mx/salud/prensa/020-en-mas-de-la-mitad-de-entidades-federativas-se-aplica-95-de-vacunas-contra-covid-19?idiom=es,472142,468708,3434
Mexico,2021-01-18,Pfizer/BioNTech,https://www.gob.mx/salud/prensa/021-27-entidades-federativas-completan-aplicacion-de-vacuna-contra-covid-19?idiom=es,492529,485983,6546
Mexico,2021-01-19,Pfizer/BioNTech,https://www.gob.mx/salud/prensa/29-estados-registran-mas-de-95-de-aplicacion-de-dosis-contra-covid-19-secretaria-de-salud?idiom=es,498122,488513,9609
Mexico,2021-01-20,Pfizer/BioNTech,https://www.gob.mx/salud/prensa/026-personal-de-salud-de-hospitales-publicos-y-privados-recibe-vacuna-contra-covid-19?idiom=es,501030,489628,11402
Mexico,2021-01-21,Pfizer/BioNTech,https://www.gob.mx/salud/prensa/029-mas-de-18-mil-profesionales-de-la-salud-con-esquema-completo-de-vacunacion-contra-covid-19?idiom=es,552335,534317,18018
Mexico,2021-01-22,Pfizer/BioNTech,https://www.gob.mx/salud/prensa/030-mexico-alcanza-77-6-de-aplicacion-de-vacunas-pfizer-disponibles-contra-covid-19?idiom=es,614808,594725,20083
Mexico,2021-01-23,Pfizer/BioNTech,https://www.gob.mx/salud/prensa/031-este-sabado-dos-mil-766-docentes-de-campeche-recibieron-la-primera-dosis-de-la-vacuna-pfizer?idiom=es,618768,596296,22472
Mexico,2021-01-24,Pfizer/BioNTech,https://www.gob.mx/salud/prensa/032-secretario-de-salud-encabeza-equipo-medico-interdisciplinario-en-atencion-al-presidente?idiom=es,629626,604441,25185
Mexico,2021-01-25,Pfizer/BioNTech,https://www.gob.mx/salud/prensa/033-mexico-recibira-24-millones-de-dosis-de-la-vacuna-sputnik-v-lopez-gatell?idiom=es,645105,616390,28715
Mexico,2021-01-26,Pfizer/BioNTech,https://www.gob.mx/salud/prensa/034-mexico-garantiza-seguridad-sanitaria-en-vacunas-contra-covid-19-que-arriban-al-pais-secretaria-de-salud?idiom=es,652319,621005,31314
Mexico,2021-01-27,Pfizer/BioNTech,https://www.gob.mx/salud/prensa/037-analiza-gobierno-de-mexico-recomendaciones-para-reforzar-estrategias-contra-covid-19?idiom=es,656044,624730,31314
Mexico,2021-01-28,Pfizer/BioNTech,https://www.gob.mx/salud/prensa/version-estenografica-conferencia-de-prensa-informe-diario-sobre-coronavirus-covid-19-en-mexico-262486?idiom=es,657842,626528,31314
Mexico,2021-01-29,Pfizer/BioNTech,https://www.gob.mx/salud/prensa/041-mas-de-95-de-aplicacion-de-vacunas-contra-covid-19-en-29-entidades-federativas?idiom=es,662217,630820,31397
Mexico,2021-01-30,Pfizer/BioNTech,https://www.gob.mx/salud/prensa/version-estenografica-conferencia-de-prensa-informe-diario-sobre-coronavirus-covid-19-en-mexico-262677?idiom=es,670307,631298,39009
Mexico,2021-01-31,Pfizer/BioNTech,https://www.gob.mx/salud/prensa/version-estenografica-conferencia-de-prensa-informe-diario-sobre-coronavirus-covid-19-en-mexico-262705?idiom=es,673327,631485,41842
Mexico,2021-02-01,Pfizer/BioNTech,https://www.gob.mx/salud/prensa/version-estenografica-conferencia-de-prensa-informe-diario-sobre-coronavirus-covid-19-en-mexico-262758?idiom=es,675202,631747,43455
Mexico,2021-02-02,Pfizer/BioNTech,https://www.gob.mx/salud/prensa/version-estenografica-conferencia-de-prensa-informe-diario-sobre-coronavirus-covid-19-en-mexico-262874?idiom=es,677539,631791,45748
Mexico,2021-02-03,Pfizer/BioNTech,https://www.gob.mx/salud/prensa/version-estenografica-conferencia-de-prensa-informe-diario-sobre-coronavirus-covid-19-en-mexico-262965?idiom=es,686601,632439,54162
Mexico,2021-02-04,Pfizer/BioNTech,https://www.gob.mx/salud/prensa/version-estenografica-conferencia-de-prensa-informe-diario-sobre-coronavirus-covid-19-en-mexico-263016?idiom=es,695088,634346,60742
Mexico,2021-02-05,Pfizer/BioNTech,https://www.gob.mx/salud/prensa/052-garantiza-gobierno-de-mexico-aplicacion-de-segundas-dosis-de-vacuna-de-pfizer-biontech?idiom=es,700316,636070,64246
Mexico,2021-02-06,Pfizer/BioNTech,https://www.gob.mx/salud/prensa/version-estenografica-conferencia-de-prensa-informe-diario-sobre-coronavirus-covid-19-en-mexico-263169?idiom=es,710198,637098,73100
Mexico,2021-02-07,Pfizer/BioNTech,https://www.gob.mx/salud/prensa/version-estenografica-conferencia-de-prensa-informe-diario-sobre-coronavirus-covid-19-en-mexico-263190,713517,637681,75836
Mexico,2021-02-08,Pfizer/BioNTech,https://www.gob.mx/salud/prensa/version-estenografica-conferencia-de-prensa-informe-diario-sobre-coronavirus-covid-19-en-mexico-263311?idiom=es,717820,638391,79429
Mexico,2021-02-09,Pfizer/BioNTech,https://www.gob.mx/salud/prensa/version-estenografica-conferencia-de-prensa-informe-diario-sobre-coronavirus-covid-19-en-mexico-263437?idiom=es,724347,640129,84218
Mexico,2021-02-10,Pfizer/BioNTech,https://www.gob.mx/salud/prensa/version-estenografica-conferencia-de-prensa-informe-diario-sobre-coronavirus-covid-19-en-mexico-263535?idiom=es,724707,640115,84592
Mexico,2021-02-11,Pfizer/BioNTech,https://www.gob.mx/salud/prensa/064-en-proximos-dias-arriba-un-millon-de-vacunas-en-promedio-secretaria-de-salud?idiom=es,725447,640115,85332
Mexico,2021-02-12,Pfizer/BioNTech,https://www.gob.mx/salud/prensa/version-estenografica-conferencia-de-prensa-informe-diario-sobre-coronavirus-covid-19-en-mexico-263738?idiom=es,726002,640115,85887
Mexico,2021-02-13,Pfizer/BioNTech,https://www.gob.mx/salud/prensa/version-estenografica-conferencia-de-prensa-informe-diario-sobre-coronavirus-covid-19-en-mexico-263765?idiom=es,726313,640125,86188
Mexico,2021-02-15,"Oxford/AstraZeneca, Pfizer/BioNTech",https://www.gob.mx/salud/prensa/069-en-primer-dia-de-vacunacion-23-mil-369-personas-adultas-mayores-reciben-primera-dosis?idiom=es,749682,663484,86198
Mexico,2021-02-16,"Oxford/AstraZeneca, Pfizer/BioNTech",https://www.gob.mx/salud/prensa/071-en-dos-dias-189-mil-70-dosis-aplicadas-contra-covid-19-a-personas-adultas-mayores,915383,829185,86198
Mexico,2021-02-17,"Oxford/AstraZeneca, Pfizer/BioNTech",https://www.gob.mx/salud/prensa/073-mas-de-un-millon-de-dosis-contra-covid-19-han-sido-aplicadas-en-mexico?idiom=es,1058139,958473,99666
Mexico,2021-02-18,"Oxford/AstraZeneca, Pfizer/BioNTech",https://www.gob.mx/salud/prensa/version-estenografica-conferencia-de-prensa-informe-diario-sobre-coronavirus-covid-19-en-mexico-264192?idiom=es,1318055,,
Mexico,2021-02-19,"Oxford/AstraZeneca, Pfizer/BioNTech",https://www.gob.mx/salud/prensa/version-estenografica-conferencia-de-prensa-informe-diario-sobre-coronavirus-covid-19-en-mexico-264283?idiom=es,1574158,1155227,418931
Mexico,2021-02-20,"Oxford/AstraZeneca, Pfizer/BioNTech",https://www.gob.mx/salud/prensa/078-con-esquema-completo-67-del-personal-de-salud-que-recibio-vacuna-contra-covid-19?idiom=es,1656304,1210886,445418
Mexico,2021-02-21,"Oxford/AstraZeneca, Pfizer/BioNTech",https://www.gob.mx/salud/prensa/079-personas-migrantes-en-territorio-mexicano-tambien-recibiran-vacuna-contra-covid-19?idiom=es,1689158,1236103,453055
Mexico,2021-02-22,"Oxford/AstraZeneca, Pfizer/BioNTech",https://www.gob.mx/salud/prensa/080-entre-enero-y-diciembre-de-este-ano-se-preve-contar-con-vacunas-para-107-millones-de-personas?idiom=es,1733404,1277187,456217
Mexico,2021-02-23,"Oxford/AstraZeneca, Pfizer/BioNTech",https://www.gob.mx/salud/prensa/081-regreso-anticipado-a-clases-podria-representar-riesgo-de-brotes-de-sars-cov-2?idiom=es,1801156,1336854,464302
Mexico,2021-02-24,"Oxford/AstraZeneca, Pfizer/BioNTech",https://www.gob.mx/salud/prensa/082-de-febrero-a-mayo-mexico-recibiria-mas-de-106-millones-de-vacunas-contra-covid-19-secretaria-de-salud?idiom=es,1900784,1425395,475389
Mexico,2021-02-25,"Oxford/AstraZeneca, Pfizer/BioNTech, Sputnik V",https://www.gob.mx/salud/prensa/084-especialistas-de-nuestro-pais-detectan-mutacion-t478k-en-virus-sars-cov-2?idiom=es,2088813,1562401,526412
Mexico,2021-02-26,"Oxford/AstraZeneca, Pfizer/BioNTech, Sputnik V",https://www.gob.mx/salud/prensa/085-ninguna-entidad-estara-en-rojo-del-semaforo-de-riesgo-epidemico-a-partir-de-la-siguiente-semana?idiom=es,2271032,1708721,562311
Mexico,2021-02-27,"Oxford/AstraZeneca, Pfizer/BioNTech, Sputnik V",https://www.gob.mx/salud/prensa/087-mexico-ha-recibido-casi-cuatro-millones-de-dosis-de-vacunas-contra-covid-19?idiom=es,2383411,1818034,565377
Mexico,2021-02-28,"Oxford/AstraZeneca, Pfizer/BioNTech, Sputnik V",https://www.gob.mx/salud/prensa/089-objetivo-de-estrategia-contra-covid-19-contar-con-capacidad-de-respuesta-secretaria-de-salud?idiom=es,2455095,1889672,565423
Mexico,2021-03-01,"Oxford/AstraZeneca, Pfizer/BioNTech, Sputnik V",https://www.gob.mx/salud/prensa/version-estenografica-conferencia-de-prensa-informe-diario-sobre-coronavirus-covid-19-en-mexico-265289?idiom=es,2526863,1959525,567338
Mexico,2021-03-02,"Oxford/AstraZeneca, Pfizer/BioNTech, Sputnik V",https://www.gob.mx/salud/prensa/092-secretaria-de-salud-llama-a-mantener-medidas-preventivas-contra-covid-19-ante-proxima-temporada-vacacional?idiom=es,2583435,2012853,570582
Mexico,2021-03-03,"Oxford/AstraZeneca, Pfizer/BioNTech, Sputnik V",https://www.gob.mx/salud/prensa/094-vacunacion-para-todo-el-personal-del-sector-salud-esta-garantizada?idiom=es,2633580,2043941,589639
Mexico,2021-03-04,"Oxford/AstraZeneca, Pfizer/BioNTech, Sputnik V",https://www.gob.mx/salud/prensa/096-organismos-internacionales-reconocen-politicas-mexicanas-contra-obesidad?idiom=es,2676035,,
Mexico,2021-03-05,"Oxford/AstraZeneca, Pfizer/BioNTech, Sputnik V",https://www.gob.mx/salud/prensa/097-vacunas-sinovac-contra-covid-19-empezaran-a-distribuirse-en-32-entidades-federativas?idiom=es,2731900,2128766,603134
Mexico,2021-03-06,"Oxford/AstraZeneca, Pfizer/BioNTech, Sputnik V",https://www.gob.mx/salud/prensa/098-con-esquema-completo-586-mil-trabajadores-de-salud-que-atienden-pacientes-covid-19?idiom=es,2765805,2162358,603447
Mexico,2021-03-07,"Oxford/AstraZeneca, Pfizer/BioNTech, Sputnik V",https://www.gob.mx/salud/prensa/099-por-septima-semana-consecutiva-covid-19-con-descenso-en-cantidad-de-casos?idiom=es,2793106,,
Mexico,2021-03-08,"Oxford/AstraZeneca, Pfizer/BioNTech, Sputnik V",https://www.gob.mx/salud/prensa/100-mexico-recibe-manana-nuevo-embarque-con-mas-de-600-mil-dosis-de-vacunas-pfizer?idiom=es,2849630,2245291,604339
Mexico,2021-03-09,"Oxford/AstraZeneca, Pfizer/BioNTech, Sputnik V",https://www.gob.mx/salud/prensa/101-sector-salud-trabaja-en-la-reactivacion-de-atencion-medica-de-pacientes-no-covid?idiom=es,3100868,2495067,605801
Mexico,2021-03-10,"Oxford/AstraZeneca, Pfizer/BioNTech, Sputnik V",https://www.gob.mx/salud/prensa/version-estenografica-conferencia-de-prensa-informe-diario-sobre-coronavirus-covid-19-en-mexico-266362?idiom=es,3488000,2882000,606000
Mexico,2021-03-11,"Oxford/AstraZeneca, Pfizer/BioNTech, Sputnik V",https://www.gob.mx/salud/prensa/103-vacunas-contra-covid-19-seguras-y-eficaces-secretaria-de-salud?idiom=es,3800000,,
Mexico,2021-03-12,"Oxford/AstraZeneca, Pfizer/BioNTech, Sputnik V",https://www.gob.mx/salud/prensa/106-remdesivir-podra-suministrarse-a-pacientes-covid-19-con-ciertas-especificaciones?idiom=es,4005131,3395671,609460
Mexico,2021-03-13,"Oxford/AstraZeneca, Pfizer/BioNTech, Sputnik V",https://www.gob.mx/salud/prensa/107-vacunas-que-hoy-llegaron-a-mexico-son-para-personas-adultas-mayores-de-todo-el-pais?idiom=es,4214294,3604420,609874
Mexico,2021-03-14,"Oxford/AstraZeneca, Pfizer/BioNTech, Sputnik V",https://www.gob.mx/salud/prensa/108-invita-secretaria-de-salud-a-esperar-turno-para-recibir-vacuna-contra-covid-19?idiom=es,4339926,3730045,609881
Mexico,2021-03-15,"Oxford/AstraZeneca, Pfizer/BioNTech, Sputnik V",https://www.gob.mx/salud/prensa/109-conforme-lleguen-las-vacunas-a-mexico-la-inmunizacion-se-ampliara-en-grandes-zonas-urbanas?idiom=es,4404608,3794719,609889
Mexico,2021-03-16,"Oxford/AstraZeneca, Pfizer/BioNTech, Sputnik V",https://www.gob.mx/salud/prensa/111-vacunadas-personas-adultas-mayores-de-775-municipios-o-alcaldias?idiom=es,4530784,,
Mexico,2021-03-17,"Oxford/AstraZeneca, Pfizer/BioNTech, Sputnik V",https://www.gob.mx/salud/prensa/112-inicia-aplicacion-de-segundas-dosis-contra-covid-19-en-personas-de-60-anos-y-mas?idiom=es,4737622,4110741,626881
Mexico,2021-03-18,"Oxford/AstraZeneca, Pfizer/BioNTech, Sputnik V",https://www.gob.mx/salud/prensa/114-salud-y-sep-evaluaran-viabilidad-de-retorno-a-clases-en-estados-en-verde-del-semaforo-epidemico?idiom=es\,4947522,4300720,646802
Mexico,2021-03-19,"Oxford/AstraZeneca, Pfizer/BioNTech, Sputnik V",https://www.gob.mx/salud/prensa/115-estudio-publicado-en-the-lancet-revela-que-probabilidad-de-reinfeccion-de-sars-cov-2-es-de-1?idiom=es,5186751,,
Mexico,2021-03-20,"Oxford/AstraZeneca, Pfizer/BioNTech, Sputnik V",https://www.gob.mx/salud/prensa/117-garantizada-segunda-dosis-de-vacuna-contra-covid-19?idiom=es,5459014,4763347,695667
Mexico,2021-03-21,"Oxford/AstraZeneca, Pfizer/BioNTech, Sputnik V",https://www.gob.mx/salud/prensa/119-en-este-periodo-vacacional-de-semana-santa-poblacion-debe-mantener-medidas-sanitarias?idiom=es,5612291,4895523,716768
Mexico,2021-03-22,"Oxford/AstraZeneca, Pfizer/BioNTech, Sputnik V",https://www.gob.mx/salud/prensa/120-vacuna-de-cansino-favorece-logistica-para-su-aplicacion-en-las-capitales?idiom=es,5781359,5046896,734463
Mexico,2021-03-23,"Oxford/AstraZeneca, Pfizer/BioNTech, Sputnik V",https://www.gob.mx/salud/prensa/122-aplicacion-de-vacunas-contra-covid-19-unicamente-en-puntos-establecidos-por-gobierno-federal?idiom=es,5926967,,
Mexico,2021-03-24,"Oxford/AstraZeneca, Pfizer/BioNTech, Sputnik V",https://www.gob.mx/salud/prensa/123-reapertura-del-sistema-educativo-se-dara-de-manera-ordenada-gradual-y-cuidadosa?idiom=es,6119298,5351319,767979
Mexico,2021-03-25,"Oxford/AstraZeneca, Pfizer/BioNTech, Sputnik V",https://www.gob.mx/salud/prensa/version-estenografica-conferencia-de-prensa-informe-diario-sobre-coronavirus-covid-19-en-mexico-267811?idiom=es,6243886,5460096,783790
Mexico,2021-03-26,"Oxford/AstraZeneca, Pfizer/BioNTech, Sputnik V",https://www.gob.mx/salud/prensa/126-inmunizacion-contra-covid-19-se-concentrara-en-mayores-de-60-anos-de-ciudades-densamente-pobladas?idiom=es,6487170,5675286,811884
Mexico,2021-03-27,"Oxford/AstraZeneca, Pfizer/BioNTech, Sputnik V",https://www.gob.mx/salud/prensa/127-tercera-parte-de-mayores-de-60-anos-ha-recibido-al-menos-primera-dosis-de-vacuna-contra-covid-19?idiom=es\,6724789,5901505,823284
Mexico,2021-03-28,"Oxford/AstraZeneca, Pfizer/BioNTech, Sputnik V",https://www.gob.mx/salud/prensa/130-personas-que-viven-con-vih-y-estan-bajo-control-con-menos-riesgo-de-complicaciones-por-covid-19?idiom=es,6852596,,
Mexico,2021-03-29,"Oxford/AstraZeneca, Pfizer/BioNTech, Sputnik V",https://www.gob.mx/salud/prensa/131-inicia-distribucion-de-vacunas-contra-covid-19-en-la-megalopolis?idiom=es,7018449,6167510,850939
Mexico,2021-03-30,"Oxford/AstraZeneca, Pfizer/BioNTech, Sputnik V",https://www.gob.mx/salud/prensa/132-han-sido-aplicadas-mas-de-siete-millones-de-vacunas-contra-covid-19-en-el-pais?idiom=es,7404912,,
Mexico,2021-03-31,"Oxford/AstraZeneca, Pfizer/BioNTech, Sputnik V",https://www.gob.mx/salud/prensa/133-no-existe-circulacion-importante-de-variantes-de-sars-cov-2-en-mexico?idiom=es,7851053,6905214,945839
