location,date,vaccine,source_url,total_vaccinations,people_vaccinated,people_fully_vaccinated
Moldova,2021-03-05,Oxford/AstraZeneca,https://msmps.gov.md/comunicare/comunicate/republica-moldova-este-prima-tara-din-regiunea-europeana-care-a-receptionat-vaccinul-impotriva-covid-19-prin-mecanismul-covax/,3849,3849,
Moldova,2021-03-10,Oxford/AstraZeneca,https://vaccinare.gov.md/,6447,6447,0
Moldova,2021-03-11,Oxford/AstraZeneca,https://vaccinare.gov.md/,8116,8116,0
Moldova,2021-03-12,Oxford/AstraZeneca,https://vaccinare.gov.md/,9341,9341,0
Moldova,2021-03-13,Oxford/AstraZeneca,https://vaccinare.gov.md/,11431,11431,0
Moldova,2021-03-15,Oxford/AstraZeneca,https://vaccinare.gov.md/,12754,12754,0
Moldova,2021-03-16,Oxford/AstraZeneca,https://vaccinare.gov.md/,14814,14814,0
Moldova,2021-03-17,Oxford/AstraZeneca,https://vaccinare.gov.md/,16131,16131,0
Moldova,2021-03-19,Oxford/AstraZeneca,https://vaccinare.gov.md/,18593,18593,0
Moldova,2021-03-21,Oxford/AstraZeneca,https://vaccinare.gov.md/,20494,20494,0
Moldova,2021-03-23,Oxford/AstraZeneca,https://vaccinare.gov.md/,21194,21194,0
Moldova,2021-03-24,Oxford/AstraZeneca,https://vaccinare.gov.md/,23454,23454,0
Moldova,2021-03-25,Oxford/AstraZeneca,https://vaccinare.gov.md/,27445,27445,0
Moldova,2021-03-26,Oxford/AstraZeneca,https://vaccinare.gov.md/,30722,30722,0
Moldova,2021-03-27,Oxford/AstraZeneca,https://vaccinare.gov.md/,33885,33885,0
Moldova,2021-03-31,Oxford/AstraZeneca,https://vaccinare.gov.md/,40321,40321,0
Moldova,2021-04-01,Oxford/AstraZeneca,https://vaccinare.gov.md/,42154,42154,0
