location,date,vaccine,source_url,total_vaccinations,people_vaccinated,people_fully_vaccinated
Nigeria,2021-03-04,Oxford/AstraZeneca,https://www.aa.com.tr/en/africa/nigeria-begins-covid-19-vaccination-drive/2166231,0,0,
Nigeria,2021-03-15,Oxford/AstraZeneca,https://www.premiumtimesng.com/health/health-news/449080-nigeria-vaccinates-8000-people-against-covid-19.html,8000,8000,
Nigeria,2021-03-24,Oxford/AstraZeneca,https://twitter.com/NphcdaNG/status/1374751795570966528,277458,277458,
Nigeria,2021-03-28,Oxford/AstraZeneca,https://twitter.com/NphcdaNG/status/1376215958365278214,513626,513626,
Nigeria,2021-03-31,Oxford/AstraZeneca,https://twitter.com/NphcdaNG/status/1377300320406110226,718412,718412,
Nigeria,2021-04-01,Oxford/AstraZeneca,https://twitter.com/NphcdaNG/status/1377639497970638857,818865,818865,
