location,date,vaccine,source_url,total_vaccinations,people_vaccinated,people_fully_vaccinated
Northern Ireland,2020-12-13,Pfizer/BioNTech,https://coronavirus.data.gov.uk/details/healthcare,3623,3623,
Northern Ireland,2020-12-20,Pfizer/BioNTech,https://coronavirus.data.gov.uk/details/healthcare,16068,16068,
Northern Ireland,2020-12-27,Pfizer/BioNTech,https://coronavirus.data.gov.uk/details/healthcare,31016,31016,
Northern Ireland,2021-01-03,Pfizer/BioNTech,https://coronavirus.data.gov.uk/details/healthcare,41956,40685,1271
Northern Ireland,2021-01-10,"Oxford/AstraZeneca, Pfizer/BioNTech",https://coronavirus.data.gov.uk/details/healthcare,91954,78005,13949
Northern Ireland,2021-01-11,"Oxford/AstraZeneca, Pfizer/BioNTech",https://coronavirus.data.gov.uk/details/healthcare,99475,84187,15288
Northern Ireland,2021-01-12,"Oxford/AstraZeneca, Pfizer/BioNTech",https://coronavirus.data.gov.uk/details/healthcare,109257,91417,17840
Northern Ireland,2021-01-13,"Oxford/AstraZeneca, Pfizer/BioNTech",https://coronavirus.data.gov.uk/details/healthcare,121711,102701,19010
Northern Ireland,2021-01-14,"Oxford/AstraZeneca, Pfizer/BioNTech",https://coronavirus.data.gov.uk/details/healthcare,133831,114567,19264
Northern Ireland,2021-01-15,"Oxford/AstraZeneca, Pfizer/BioNTech",https://coronavirus.data.gov.uk/details/healthcare,137380,117906,19474
Northern Ireland,2021-01-16,"Oxford/AstraZeneca, Pfizer/BioNTech",https://coronavirus.data.gov.uk/details/healthcare,140561,120387,20174
Northern Ireland,2021-01-17,"Oxford/AstraZeneca, Pfizer/BioNTech",https://coronavirus.data.gov.uk/details/healthcare,146733,125717,21016
Northern Ireland,2021-01-18,"Oxford/AstraZeneca, Pfizer/BioNTech",https://coronavirus.data.gov.uk/details/healthcare,154436,132857,21579
Northern Ireland,2021-01-19,"Oxford/AstraZeneca, Pfizer/BioNTech",https://coronavirus.data.gov.uk/details/healthcare,160396,138436,21960
Northern Ireland,2021-01-20,"Oxford/AstraZeneca, Pfizer/BioNTech",https://coronavirus.data.gov.uk/details/healthcare,166538,144212,22326
Northern Ireland,2021-01-21,"Oxford/AstraZeneca, Pfizer/BioNTech",https://coronavirus.data.gov.uk/details/healthcare,173549,151039,22510
Northern Ireland,2021-01-22,"Oxford/AstraZeneca, Pfizer/BioNTech",https://coronavirus.data.gov.uk/details/healthcare,177026,154366,22660
Northern Ireland,2021-01-23,"Oxford/AstraZeneca, Pfizer/BioNTech",https://coronavirus.data.gov.uk/details/healthcare,178331,155644,22687
Northern Ireland,2021-01-24,"Oxford/AstraZeneca, Pfizer/BioNTech",https://coronavirus.data.gov.uk/details/healthcare,182355,159642,22713
Northern Ireland,2021-01-25,"Oxford/AstraZeneca, Pfizer/BioNTech",https://coronavirus.data.gov.uk/details/healthcare,186112,163317,22795
Northern Ireland,2021-01-26,"Oxford/AstraZeneca, Pfizer/BioNTech",https://coronavirus.data.gov.uk/details/healthcare,191050,168140,22910
Northern Ireland,2021-01-27,"Oxford/AstraZeneca, Pfizer/BioNTech",https://coronavirus.data.gov.uk/details/healthcare,199211,175284,23927
Northern Ireland,2021-01-28,"Oxford/AstraZeneca, Pfizer/BioNTech",https://coronavirus.data.gov.uk/details/healthcare,220201,196131,24070
Northern Ireland,2021-01-29,"Oxford/AstraZeneca, Pfizer/BioNTech",https://coronavirus.data.gov.uk/details/healthcare,228211,204065,24146
Northern Ireland,2021-01-30,"Oxford/AstraZeneca, Pfizer/BioNTech",https://coronavirus.data.gov.uk/details/healthcare,238924,214601,24323
Northern Ireland,2021-01-31,"Oxford/AstraZeneca, Pfizer/BioNTech",https://coronavirus.data.gov.uk/details/healthcare,246421,221809,24612
Northern Ireland,2021-02-01,"Oxford/AstraZeneca, Pfizer/BioNTech",https://coronavirus.data.gov.uk/details/healthcare,258311,233429,24882
Northern Ireland,2021-02-02,"Oxford/AstraZeneca, Pfizer/BioNTech",https://coronavirus.data.gov.uk/details/healthcare,271826,246671,25155
Northern Ireland,2021-02-03,"Oxford/AstraZeneca, Pfizer/BioNTech",https://coronavirus.data.gov.uk/details/healthcare,289274,263735,25539
Northern Ireland,2021-02-04,"Oxford/AstraZeneca, Pfizer/BioNTech",https://coronavirus.data.gov.uk/details/healthcare,301279,275232,26047
Northern Ireland,2021-02-05,"Oxford/AstraZeneca, Pfizer/BioNTech",https://coronavirus.data.gov.uk/details/healthcare,316420,289889,26531
Northern Ireland,2021-02-06,"Oxford/AstraZeneca, Pfizer/BioNTech",https://coronavirus.data.gov.uk/details/healthcare,323122,295915,27207
Northern Ireland,2021-02-07,"Oxford/AstraZeneca, Pfizer/BioNTech",https://coronavirus.data.gov.uk/details/healthcare,330941,303478,27463
Northern Ireland,2021-02-08,"Oxford/AstraZeneca, Pfizer/BioNTech",https://coronavirus.data.gov.uk/details/healthcare,345195,317606,27589
Northern Ireland,2021-02-09,"Oxford/AstraZeneca, Pfizer/BioNTech",https://coronavirus.data.gov.uk/details/healthcare,361430,333658,27772
Northern Ireland,2021-02-10,"Oxford/AstraZeneca, Pfizer/BioNTech",https://coronavirus.data.gov.uk/details/healthcare,381894,353757,28137
Northern Ireland,2021-02-11,"Oxford/AstraZeneca, Pfizer/BioNTech",https://coronavirus.data.gov.uk/details/healthcare,401966,373414,28552
Northern Ireland,2021-02-12,"Oxford/AstraZeneca, Pfizer/BioNTech",https://coronavirus.data.gov.uk/details/healthcare,416708,387771,28937
Northern Ireland,2021-02-13,"Oxford/AstraZeneca, Pfizer/BioNTech",https://coronavirus.data.gov.uk/details/healthcare,420077,391101,28976
Northern Ireland,2021-02-14,"Oxford/AstraZeneca, Pfizer/BioNTech",https://coronavirus.data.gov.uk/details/healthcare,426248,397243,29005
Northern Ireland,2021-02-15,"Oxford/AstraZeneca, Pfizer/BioNTech",https://coronavirus.data.gov.uk/details/healthcare,438708,409507,29201
Northern Ireland,2021-02-16,"Oxford/AstraZeneca, Pfizer/BioNTech",https://coronavirus.data.gov.uk/details/healthcare,447685,418209,29476
Northern Ireland,2021-02-17,"Oxford/AstraZeneca, Pfizer/BioNTech",https://coronavirus.data.gov.uk/details/healthcare,457581,427569,30012
Northern Ireland,2021-02-18,"Oxford/AstraZeneca, Pfizer/BioNTech",https://coronavirus.data.gov.uk/details/healthcare,466524,436143,30381
Northern Ireland,2021-02-19,"Oxford/AstraZeneca, Pfizer/BioNTech",https://coronavirus.data.gov.uk/details/healthcare,473670,442917,30753
Northern Ireland,2021-02-20,"Oxford/AstraZeneca, Pfizer/BioNTech",https://coronavirus.data.gov.uk/details/healthcare,476816,446009,30807
Northern Ireland,2021-02-21,"Oxford/AstraZeneca, Pfizer/BioNTech",https://coronavirus.data.gov.uk/details/healthcare,488826,458030,30796
Northern Ireland,2021-02-22,"Oxford/AstraZeneca, Pfizer/BioNTech",https://coronavirus.data.gov.uk/details/healthcare,499206,468129,31077
Northern Ireland,2021-02-23,"Oxford/AstraZeneca, Pfizer/BioNTech",https://coronavirus.data.gov.uk/details/healthcare,509580,478235,31345
Northern Ireland,2021-02-24,"Oxford/AstraZeneca, Pfizer/BioNTech",https://coronavirus.data.gov.uk/details/healthcare,523230,491593,31637
Northern Ireland,2021-02-25,"Oxford/AstraZeneca, Pfizer/BioNTech",https://coronavirus.data.gov.uk/details/healthcare,537086,505188,31898
Northern Ireland,2021-02-26,"Oxford/AstraZeneca, Pfizer/BioNTech",https://coronavirus.data.gov.uk/details/healthcare,548294,515678,32616
Northern Ireland,2021-02-27,"Oxford/AstraZeneca, Pfizer/BioNTech",https://coronavirus.data.gov.uk/details/healthcare,553661,520996,32665
Northern Ireland,2021-02-28,"Oxford/AstraZeneca, Pfizer/BioNTech",https://coronavirus.data.gov.uk/details/healthcare,558597,525400,33197
Northern Ireland,2021-03-01,"Oxford/AstraZeneca, Pfizer/BioNTech",https://coronavirus.data.gov.uk/details/healthcare,572759,537389,35370
Northern Ireland,2021-03-02,"Oxford/AstraZeneca, Pfizer/BioNTech",https://coronavirus.data.gov.uk/details/healthcare,582881,545019,37862
Northern Ireland,2021-03-03,"Oxford/AstraZeneca, Pfizer/BioNTech",https://coronavirus.data.gov.uk/details/healthcare,596860,556721,40139
Northern Ireland,2021-03-04,"Oxford/AstraZeneca, Pfizer/BioNTech",https://coronavirus.data.gov.uk/details/healthcare,609798,568011,41787
Northern Ireland,2021-03-05,"Oxford/AstraZeneca, Pfizer/BioNTech",https://coronavirus.data.gov.uk/details/healthcare,619315,577219,42096
Northern Ireland,2021-03-06,"Oxford/AstraZeneca, Pfizer/BioNTech",https://coronavirus.data.gov.uk/details/healthcare,625144,582914,42230
Northern Ireland,2021-03-07,"Oxford/AstraZeneca, Pfizer/BioNTech",https://coronavirus.data.gov.uk/details/healthcare,631654,588803,42851
Northern Ireland,2021-03-08,"Oxford/AstraZeneca, Pfizer/BioNTech",https://coronavirus.data.gov.uk/details/healthcare,641121,596527,44594
Northern Ireland,2021-03-09,"Oxford/AstraZeneca, Pfizer/BioNTech",https://coronavirus.data.gov.uk/details/healthcare,648028,601101,46927
Northern Ireland,2021-03-10,"Oxford/AstraZeneca, Pfizer/BioNTech",https://coronavirus.data.gov.uk/details/healthcare,655643,606695,48948
Northern Ireland,2021-03-11,"Oxford/AstraZeneca, Pfizer/BioNTech",https://coronavirus.data.gov.uk/details/healthcare,664029,614629,49400
Northern Ireland,2021-03-12,"Oxford/AstraZeneca, Pfizer/BioNTech",https://coronavirus.data.gov.uk/details/healthcare,671514,621462,50052
Northern Ireland,2021-03-13,"Oxford/AstraZeneca, Pfizer/BioNTech",https://coronavirus.data.gov.uk/details/healthcare,677602,625195,52407
Northern Ireland,2021-03-14,"Oxford/AstraZeneca, Pfizer/BioNTech",https://coronavirus.data.gov.uk/details/healthcare,684097,629461,54636
Northern Ireland,2021-03-15,"Oxford/AstraZeneca, Pfizer/BioNTech",https://coronavirus.data.gov.uk/details/healthcare,692264,634019,58245
Northern Ireland,2021-03-16,"Oxford/AstraZeneca, Pfizer/BioNTech",https://coronavirus.data.gov.uk/details/healthcare,704747,640801,63946
Northern Ireland,2021-03-17,"Oxford/AstraZeneca, Pfizer/BioNTech",https://coronavirus.data.gov.uk/details/healthcare,713392,646190,67202
Northern Ireland,2021-03-18,"Oxford/AstraZeneca, Pfizer/BioNTech",https://coronavirus.data.gov.uk/details/healthcare,726290,655581,70709
Northern Ireland,2021-03-19,"Oxford/AstraZeneca, Pfizer/BioNTech",https://coronavirus.data.gov.uk/details/healthcare,738286,662973,75313
Northern Ireland,2021-03-20,"Oxford/AstraZeneca, Pfizer/BioNTech",https://coronavirus.data.gov.uk/details/healthcare,746254,667758,78496
Northern Ireland,2021-03-21,"Oxford/AstraZeneca, Pfizer/BioNTech",https://coronavirus.data.gov.uk/details/healthcare,776211,687528,88683
Northern Ireland,2021-03-23,"Oxford/AstraZeneca, Pfizer/BioNTech",https://coronavirus.data.gov.uk/details/healthcare,791117,694863,96254
Northern Ireland,2021-03-24,"Oxford/AstraZeneca, Pfizer/BioNTech",https://coronavirus.data.gov.uk/details/healthcare,808241,703334,104907
Northern Ireland,2021-03-25,"Oxford/AstraZeneca, Pfizer/BioNTech",https://coronavirus.data.gov.uk/details/healthcare,825310,711673,113637
Northern Ireland,2021-03-26,"Oxford/AstraZeneca, Pfizer/BioNTech",https://coronavirus.data.gov.uk/details/healthcare,839609,719260,120349
Northern Ireland,2021-03-27,"Oxford/AstraZeneca, Pfizer/BioNTech",https://coronavirus.data.gov.uk/details/healthcare,850041,726589,123452
Northern Ireland,2021-03-28,"Oxford/AstraZeneca, Pfizer/BioNTech",https://coronavirus.data.gov.uk/details/healthcare,855488,730471,125017
Northern Ireland,2021-03-29,"Oxford/AstraZeneca, Pfizer/BioNTech",https://coronavirus.data.gov.uk/details/healthcare,872751,740729,132022
Northern Ireland,2021-03-30,"Oxford/AstraZeneca, Pfizer/BioNTech",https://coronavirus.data.gov.uk/details/healthcare,887598,749112,138486
Northern Ireland,2021-03-31,"Oxford/AstraZeneca, Pfizer/BioNTech",https://coronavirus.data.gov.uk/details/healthcare,901766,756013,145753
