location,date,vaccine,source_url,total_vaccinations,people_vaccinated,people_fully_vaccinated
Norway,2020-12-27,"Moderna, Oxford/AstraZeneca, Pfizer/BioNTech",https://www.fhi.no/sv/vaksine/koronavaksinasjonsprogrammet/koronavaksinasjonsstatistikk/,5,5,0
Norway,2020-12-28,"Moderna, Oxford/AstraZeneca, Pfizer/BioNTech",https://www.fhi.no/sv/vaksine/koronavaksinasjonsprogrammet/koronavaksinasjonsstatistikk/,609,609,0
Norway,2020-12-29,"Moderna, Oxford/AstraZeneca, Pfizer/BioNTech",https://www.fhi.no/sv/vaksine/koronavaksinasjonsprogrammet/koronavaksinasjonsstatistikk/,1676,1676,0
Norway,2020-12-30,"Moderna, Oxford/AstraZeneca, Pfizer/BioNTech",https://www.fhi.no/sv/vaksine/koronavaksinasjonsprogrammet/koronavaksinasjonsstatistikk/,2103,2103,0
Norway,2020-12-31,"Moderna, Oxford/AstraZeneca, Pfizer/BioNTech",https://www.fhi.no/sv/vaksine/koronavaksinasjonsprogrammet/koronavaksinasjonsstatistikk/,2175,2175,0
Norway,2021-01-01,"Moderna, Oxford/AstraZeneca, Pfizer/BioNTech",https://www.fhi.no/sv/vaksine/koronavaksinasjonsprogrammet/koronavaksinasjonsstatistikk/,2181,2181,0
Norway,2021-01-02,"Moderna, Oxford/AstraZeneca, Pfizer/BioNTech",https://www.fhi.no/sv/vaksine/koronavaksinasjonsprogrammet/koronavaksinasjonsstatistikk/,2181,2181,0
Norway,2021-01-03,"Moderna, Oxford/AstraZeneca, Pfizer/BioNTech",https://www.fhi.no/sv/vaksine/koronavaksinasjonsprogrammet/koronavaksinasjonsstatistikk/,2184,2184,0
Norway,2021-01-04,"Moderna, Oxford/AstraZeneca, Pfizer/BioNTech",https://www.fhi.no/sv/vaksine/koronavaksinasjonsprogrammet/koronavaksinasjonsstatistikk/,2190,2190,0
Norway,2021-01-05,"Moderna, Oxford/AstraZeneca, Pfizer/BioNTech",https://www.fhi.no/sv/vaksine/koronavaksinasjonsprogrammet/koronavaksinasjonsstatistikk/,5575,5575,0
Norway,2021-01-06,"Moderna, Oxford/AstraZeneca, Pfizer/BioNTech",https://www.fhi.no/sv/vaksine/koronavaksinasjonsprogrammet/koronavaksinasjonsstatistikk/,14639,14639,0
Norway,2021-01-07,"Moderna, Oxford/AstraZeneca, Pfizer/BioNTech",https://www.fhi.no/sv/vaksine/koronavaksinasjonsprogrammet/koronavaksinasjonsstatistikk/,21192,21192,0
Norway,2021-01-08,"Moderna, Oxford/AstraZeneca, Pfizer/BioNTech",https://www.fhi.no/sv/vaksine/koronavaksinasjonsprogrammet/koronavaksinasjonsstatistikk/,22808,22808,0
Norway,2021-01-09,"Moderna, Oxford/AstraZeneca, Pfizer/BioNTech",https://www.fhi.no/sv/vaksine/koronavaksinasjonsprogrammet/koronavaksinasjonsstatistikk/,22943,22943,0
Norway,2021-01-10,"Moderna, Oxford/AstraZeneca, Pfizer/BioNTech",https://www.fhi.no/sv/vaksine/koronavaksinasjonsprogrammet/koronavaksinasjonsstatistikk/,23051,23051,0
Norway,2021-01-11,"Moderna, Oxford/AstraZeneca, Pfizer/BioNTech",https://www.fhi.no/sv/vaksine/koronavaksinasjonsprogrammet/koronavaksinasjonsstatistikk/,23406,23406,0
Norway,2021-01-12,"Moderna, Oxford/AstraZeneca, Pfizer/BioNTech",https://www.fhi.no/sv/vaksine/koronavaksinasjonsprogrammet/koronavaksinasjonsstatistikk/,27666,27666,0
Norway,2021-01-13,"Moderna, Oxford/AstraZeneca, Pfizer/BioNTech",https://www.fhi.no/sv/vaksine/koronavaksinasjonsprogrammet/koronavaksinasjonsstatistikk/,37442,37442,0
Norway,2021-01-14,"Moderna, Oxford/AstraZeneca, Pfizer/BioNTech",https://www.fhi.no/sv/vaksine/koronavaksinasjonsprogrammet/koronavaksinasjonsstatistikk/,45914,45914,0
Norway,2021-01-15,"Moderna, Oxford/AstraZeneca, Pfizer/BioNTech",https://www.fhi.no/sv/vaksine/koronavaksinasjonsprogrammet/koronavaksinasjonsstatistikk/,50391,50391,0
Norway,2021-01-16,"Moderna, Oxford/AstraZeneca, Pfizer/BioNTech",https://www.fhi.no/sv/vaksine/koronavaksinasjonsprogrammet/koronavaksinasjonsstatistikk/,51137,51137,0
Norway,2021-01-17,"Moderna, Oxford/AstraZeneca, Pfizer/BioNTech",https://www.fhi.no/sv/vaksine/koronavaksinasjonsprogrammet/koronavaksinasjonsstatistikk/,51491,51486,5
Norway,2021-01-18,"Moderna, Oxford/AstraZeneca, Pfizer/BioNTech",https://www.fhi.no/sv/vaksine/koronavaksinasjonsprogrammet/koronavaksinasjonsstatistikk/,53058,52770,288
Norway,2021-01-19,"Moderna, Oxford/AstraZeneca, Pfizer/BioNTech",https://www.fhi.no/sv/vaksine/koronavaksinasjonsprogrammet/koronavaksinasjonsstatistikk/,58419,57359,1060
Norway,2021-01-20,"Moderna, Oxford/AstraZeneca, Pfizer/BioNTech",https://www.fhi.no/sv/vaksine/koronavaksinasjonsprogrammet/koronavaksinasjonsstatistikk/,69174,67421,1753
Norway,2021-01-21,"Moderna, Oxford/AstraZeneca, Pfizer/BioNTech",https://www.fhi.no/sv/vaksine/koronavaksinasjonsprogrammet/koronavaksinasjonsstatistikk/,77778,75856,1922
Norway,2021-01-22,"Moderna, Oxford/AstraZeneca, Pfizer/BioNTech",https://www.fhi.no/sv/vaksine/koronavaksinasjonsprogrammet/koronavaksinasjonsstatistikk/,81102,79173,1929
Norway,2021-01-23,"Moderna, Oxford/AstraZeneca, Pfizer/BioNTech",https://www.fhi.no/sv/vaksine/koronavaksinasjonsprogrammet/koronavaksinasjonsstatistikk/,81461,79532,1929
Norway,2021-01-24,"Moderna, Oxford/AstraZeneca, Pfizer/BioNTech",https://www.fhi.no/sv/vaksine/koronavaksinasjonsprogrammet/koronavaksinasjonsstatistikk/,81528,79599,1929
Norway,2021-01-25,"Moderna, Oxford/AstraZeneca, Pfizer/BioNTech",https://www.fhi.no/sv/vaksine/koronavaksinasjonsprogrammet/koronavaksinasjonsstatistikk/,82109,80180,1929
Norway,2021-01-26,"Moderna, Oxford/AstraZeneca, Pfizer/BioNTech",https://www.fhi.no/sv/vaksine/koronavaksinasjonsprogrammet/koronavaksinasjonsstatistikk/,86529,82458,4071
Norway,2021-01-27,"Moderna, Oxford/AstraZeneca, Pfizer/BioNTech",https://www.fhi.no/sv/vaksine/koronavaksinasjonsprogrammet/koronavaksinasjonsstatistikk/,105542,93875,11667
Norway,2021-01-28,"Moderna, Oxford/AstraZeneca, Pfizer/BioNTech",https://www.fhi.no/sv/vaksine/koronavaksinasjonsprogrammet/koronavaksinasjonsstatistikk/,123014,104775,18239
Norway,2021-01-29,"Moderna, Oxford/AstraZeneca, Pfizer/BioNTech",https://www.fhi.no/sv/vaksine/koronavaksinasjonsprogrammet/koronavaksinasjonsstatistikk/,128933,108587,20346
Norway,2021-01-30,"Moderna, Oxford/AstraZeneca, Pfizer/BioNTech",https://www.fhi.no/sv/vaksine/koronavaksinasjonsprogrammet/koronavaksinasjonsstatistikk/,129252,108734,20518
Norway,2021-01-31,"Moderna, Oxford/AstraZeneca, Pfizer/BioNTech",https://www.fhi.no/sv/vaksine/koronavaksinasjonsprogrammet/koronavaksinasjonsstatistikk/,129404,108835,20569
Norway,2021-02-01,"Moderna, Oxford/AstraZeneca, Pfizer/BioNTech",https://www.fhi.no/sv/vaksine/koronavaksinasjonsprogrammet/koronavaksinasjonsstatistikk/,129905,109033,20872
Norway,2021-02-02,"Moderna, Oxford/AstraZeneca, Pfizer/BioNTech",https://www.fhi.no/sv/vaksine/koronavaksinasjonsprogrammet/koronavaksinasjonsstatistikk/,139406,115390,24016
Norway,2021-02-03,"Moderna, Oxford/AstraZeneca, Pfizer/BioNTech",https://www.fhi.no/sv/vaksine/koronavaksinasjonsprogrammet/koronavaksinasjonsstatistikk/,172860,140524,32336
Norway,2021-02-04,"Moderna, Oxford/AstraZeneca, Pfizer/BioNTech",https://www.fhi.no/sv/vaksine/koronavaksinasjonsprogrammet/koronavaksinasjonsstatistikk/,207489,166493,40996
Norway,2021-02-05,"Moderna, Oxford/AstraZeneca, Pfizer/BioNTech",https://www.fhi.no/sv/vaksine/koronavaksinasjonsprogrammet/koronavaksinasjonsstatistikk/,222979,177119,45860
Norway,2021-02-06,"Moderna, Oxford/AstraZeneca, Pfizer/BioNTech",https://www.fhi.no/sv/vaksine/koronavaksinasjonsprogrammet/koronavaksinasjonsstatistikk/,224523,177927,46596
Norway,2021-02-07,"Moderna, Oxford/AstraZeneca, Pfizer/BioNTech",https://www.fhi.no/sv/vaksine/koronavaksinasjonsprogrammet/koronavaksinasjonsstatistikk/,225139,178247,46892
Norway,2021-02-08,"Moderna, Oxford/AstraZeneca, Pfizer/BioNTech",https://www.fhi.no/sv/vaksine/koronavaksinasjonsprogrammet/koronavaksinasjonsstatistikk/,226181,178367,47814
Norway,2021-02-09,"Moderna, Oxford/AstraZeneca, Pfizer/BioNTech",https://www.fhi.no/sv/vaksine/koronavaksinasjonsprogrammet/koronavaksinasjonsstatistikk/,234964,183909,51055
Norway,2021-02-10,"Moderna, Oxford/AstraZeneca, Pfizer/BioNTech",https://www.fhi.no/sv/vaksine/koronavaksinasjonsprogrammet/koronavaksinasjonsstatistikk/,266623,206903,59720
Norway,2021-02-11,"Moderna, Oxford/AstraZeneca, Pfizer/BioNTech",https://www.fhi.no/sv/vaksine/koronavaksinasjonsprogrammet/koronavaksinasjonsstatistikk/,296139,227846,68293
Norway,2021-02-12,"Moderna, Oxford/AstraZeneca, Pfizer/BioNTech",https://www.fhi.no/sv/vaksine/koronavaksinasjonsprogrammet/koronavaksinasjonsstatistikk/,307792,235889,71903
Norway,2021-02-13,"Moderna, Oxford/AstraZeneca, Pfizer/BioNTech",https://www.fhi.no/sv/vaksine/koronavaksinasjonsprogrammet/koronavaksinasjonsstatistikk/,308991,236782,72209
Norway,2021-02-14,"Moderna, Oxford/AstraZeneca, Pfizer/BioNTech",https://www.fhi.no/sv/vaksine/koronavaksinasjonsprogrammet/koronavaksinasjonsstatistikk/,309104,236892,72212
Norway,2021-02-15,"Moderna, Oxford/AstraZeneca, Pfizer/BioNTech",https://www.fhi.no/sv/vaksine/koronavaksinasjonsprogrammet/koronavaksinasjonsstatistikk/,310658,237695,72963
Norway,2021-02-16,"Moderna, Oxford/AstraZeneca, Pfizer/BioNTech",https://www.fhi.no/sv/vaksine/koronavaksinasjonsprogrammet/koronavaksinasjonsstatistikk/,318859,243721,75138
Norway,2021-02-17,"Moderna, Oxford/AstraZeneca, Pfizer/BioNTech",https://www.fhi.no/sv/vaksine/koronavaksinasjonsprogrammet/koronavaksinasjonsstatistikk/,350877,265533,85344
Norway,2021-02-18,"Moderna, Oxford/AstraZeneca, Pfizer/BioNTech",https://www.fhi.no/sv/vaksine/koronavaksinasjonsprogrammet/koronavaksinasjonsstatistikk/,380583,284423,96160
Norway,2021-02-19,"Moderna, Oxford/AstraZeneca, Pfizer/BioNTech",https://www.fhi.no/sv/vaksine/koronavaksinasjonsprogrammet/koronavaksinasjonsstatistikk/,396120,295161,100959
Norway,2021-02-20,"Moderna, Oxford/AstraZeneca, Pfizer/BioNTech",https://www.fhi.no/sv/vaksine/koronavaksinasjonsprogrammet/koronavaksinasjonsstatistikk/,396792,295661,101131
Norway,2021-02-21,"Moderna, Oxford/AstraZeneca, Pfizer/BioNTech",https://www.fhi.no/sv/vaksine/koronavaksinasjonsprogrammet/koronavaksinasjonsstatistikk/,396951,295719,101232
Norway,2021-02-22,"Moderna, Oxford/AstraZeneca, Pfizer/BioNTech",https://www.fhi.no/sv/vaksine/koronavaksinasjonsprogrammet/koronavaksinasjonsstatistikk/,399664,298291,101373
Norway,2021-02-23,"Moderna, Oxford/AstraZeneca, Pfizer/BioNTech",https://www.fhi.no/sv/vaksine/koronavaksinasjonsprogrammet/koronavaksinasjonsstatistikk/,410619,304040,106579
Norway,2021-02-24,"Moderna, Oxford/AstraZeneca, Pfizer/BioNTech",https://www.fhi.no/sv/vaksine/koronavaksinasjonsprogrammet/koronavaksinasjonsstatistikk/,443921,315009,128912
Norway,2021-02-25,"Moderna, Oxford/AstraZeneca, Pfizer/BioNTech",https://www.fhi.no/sv/vaksine/koronavaksinasjonsprogrammet/koronavaksinasjonsstatistikk/,480125,326156,153969
Norway,2021-02-26,"Moderna, Oxford/AstraZeneca, Pfizer/BioNTech",https://www.fhi.no/sv/vaksine/koronavaksinasjonsprogrammet/koronavaksinasjonsstatistikk/,498355,334455,163900
Norway,2021-02-27,"Moderna, Oxford/AstraZeneca, Pfizer/BioNTech",https://www.fhi.no/sv/vaksine/koronavaksinasjonsprogrammet/koronavaksinasjonsstatistikk/,498997,334895,164102
Norway,2021-02-28,"Moderna, Oxford/AstraZeneca, Pfizer/BioNTech",https://www.fhi.no/sv/vaksine/koronavaksinasjonsprogrammet/koronavaksinasjonsstatistikk/,499694,335433,164261
Norway,2021-03-01,"Moderna, Oxford/AstraZeneca, Pfizer/BioNTech",https://www.fhi.no/sv/vaksine/koronavaksinasjonsprogrammet/koronavaksinasjonsstatistikk/,505679,341356,164323
Norway,2021-03-02,"Moderna, Oxford/AstraZeneca, Pfizer/BioNTech",https://www.fhi.no/sv/vaksine/koronavaksinasjonsprogrammet/koronavaksinasjonsstatistikk/,520018,351873,168145
Norway,2021-03-03,"Moderna, Oxford/AstraZeneca, Pfizer/BioNTech",https://www.fhi.no/sv/vaksine/koronavaksinasjonsprogrammet/koronavaksinasjonsstatistikk/,555730,369529,186201
Norway,2021-03-04,"Moderna, Oxford/AstraZeneca, Pfizer/BioNTech",https://www.fhi.no/sv/vaksine/koronavaksinasjonsprogrammet/koronavaksinasjonsstatistikk/,590428,385784,204644
Norway,2021-03-05,"Moderna, Oxford/AstraZeneca, Pfizer/BioNTech",https://www.fhi.no/sv/vaksine/koronavaksinasjonsprogrammet/koronavaksinasjonsstatistikk/,608833,397662,211171
Norway,2021-03-06,"Moderna, Oxford/AstraZeneca, Pfizer/BioNTech",https://www.fhi.no/sv/vaksine/koronavaksinasjonsprogrammet/koronavaksinasjonsstatistikk/,609691,398042,211649
Norway,2021-03-07,"Moderna, Oxford/AstraZeneca, Pfizer/BioNTech",https://www.fhi.no/sv/vaksine/koronavaksinasjonsprogrammet/koronavaksinasjonsstatistikk/,609783,398133,211650
Norway,2021-03-08,"Moderna, Oxford/AstraZeneca, Pfizer/BioNTech",https://www.fhi.no/sv/vaksine/koronavaksinasjonsprogrammet/koronavaksinasjonsstatistikk/,614719,403023,211696
Norway,2021-03-09,"Moderna, Oxford/AstraZeneca, Pfizer/BioNTech",https://www.fhi.no/sv/vaksine/koronavaksinasjonsprogrammet/koronavaksinasjonsstatistikk/,631429,415462,215967
Norway,2021-03-10,"Moderna, Oxford/AstraZeneca, Pfizer/BioNTech",https://www.fhi.no/sv/vaksine/koronavaksinasjonsprogrammet/koronavaksinasjonsstatistikk/,669578,436421,233157
Norway,2021-03-11,"Moderna, Oxford/AstraZeneca, Pfizer/BioNTech",https://www.fhi.no/sv/vaksine/koronavaksinasjonsprogrammet/koronavaksinasjonsstatistikk/,698086,448366,249720
Norway,2021-03-12,"Moderna, Oxford/AstraZeneca, Pfizer/BioNTech",https://www.fhi.no/sv/vaksine/koronavaksinasjonsprogrammet/koronavaksinasjonsstatistikk/,708654,450677,257977
Norway,2021-03-13,"Moderna, Oxford/AstraZeneca, Pfizer/BioNTech",https://www.fhi.no/sv/vaksine/koronavaksinasjonsprogrammet/koronavaksinasjonsstatistikk/,708991,450710,258281
Norway,2021-03-14,"Moderna, Oxford/AstraZeneca, Pfizer/BioNTech",https://www.fhi.no/sv/vaksine/koronavaksinasjonsprogrammet/koronavaksinasjonsstatistikk/,709103,450713,258390
Norway,2021-03-15,"Moderna, Oxford/AstraZeneca, Pfizer/BioNTech",https://www.fhi.no/sv/vaksine/koronavaksinasjonsprogrammet/koronavaksinasjonsstatistikk/,709638,450812,258826
Norway,2021-03-16,"Moderna, Oxford/AstraZeneca, Pfizer/BioNTech",https://www.fhi.no/sv/vaksine/koronavaksinasjonsprogrammet/koronavaksinasjonsstatistikk/,715906,456454,259452
Norway,2021-03-17,"Moderna, Oxford/AstraZeneca, Pfizer/BioNTech",https://www.fhi.no/sv/vaksine/koronavaksinasjonsprogrammet/koronavaksinasjonsstatistikk/,740479,479475,261004
Norway,2021-03-18,"Moderna, Oxford/AstraZeneca, Pfizer/BioNTech",https://www.fhi.no/sv/vaksine/koronavaksinasjonsprogrammet/koronavaksinasjonsstatistikk/,762872,500467,262405
Norway,2021-03-19,"Moderna, Oxford/AstraZeneca, Pfizer/BioNTech",https://www.fhi.no/sv/vaksine/koronavaksinasjonsprogrammet/koronavaksinasjonsstatistikk/,770591,507216,263375
Norway,2021-03-20,"Moderna, Oxford/AstraZeneca, Pfizer/BioNTech",https://www.fhi.no/sv/vaksine/koronavaksinasjonsprogrammet/koronavaksinasjonsstatistikk/,771070,507674,263396
Norway,2021-03-21,"Moderna, Oxford/AstraZeneca, Pfizer/BioNTech",https://www.fhi.no/sv/vaksine/koronavaksinasjonsprogrammet/koronavaksinasjonsstatistikk/,771325,507861,263464
Norway,2021-03-22,"Moderna, Oxford/AstraZeneca, Pfizer/BioNTech",https://www.fhi.no/sv/vaksine/koronavaksinasjonsprogrammet/koronavaksinasjonsstatistikk/,772915,509365,263550
Norway,2021-03-23,"Moderna, Oxford/AstraZeneca, Pfizer/BioNTech",https://www.fhi.no/sv/vaksine/koronavaksinasjonsprogrammet/koronavaksinasjonsstatistikk/,786957,522454,264503
Norway,2021-03-24,"Moderna, Oxford/AstraZeneca, Pfizer/BioNTech",https://www.fhi.no/sv/vaksine/koronavaksinasjonsprogrammet/koronavaksinasjonsstatistikk/,829595,561456,268139
Norway,2021-03-25,"Moderna, Oxford/AstraZeneca, Pfizer/BioNTech",https://www.fhi.no/sv/vaksine/koronavaksinasjonsprogrammet/koronavaksinasjonsstatistikk/,870486,600036,270450
Norway,2021-03-26,"Moderna, Oxford/AstraZeneca, Pfizer/BioNTech",https://www.fhi.no/sv/vaksine/koronavaksinasjonsprogrammet/koronavaksinasjonsstatistikk/,888857,617268,271589
Norway,2021-03-27,"Moderna, Oxford/AstraZeneca, Pfizer/BioNTech",https://www.fhi.no/sv/vaksine/koronavaksinasjonsprogrammet/koronavaksinasjonsstatistikk/,889429,617834,271595
Norway,2021-03-28,"Moderna, Oxford/AstraZeneca, Pfizer/BioNTech",https://www.fhi.no/sv/vaksine/koronavaksinasjonsprogrammet/koronavaksinasjonsstatistikk/,889760,618163,271597
Norway,2021-03-29,"Moderna, Oxford/AstraZeneca, Pfizer/BioNTech",https://www.fhi.no/sv/vaksine/koronavaksinasjonsprogrammet/koronavaksinasjonsstatistikk/,894506,622889,271617
Norway,2021-03-30,"Moderna, Oxford/AstraZeneca, Pfizer/BioNTech",https://www.fhi.no/sv/vaksine/koronavaksinasjonsprogrammet/koronavaksinasjonsstatistikk/,929826,654245,275581
Norway,2021-03-31,"Moderna, Oxford/AstraZeneca, Pfizer/BioNTech",https://www.fhi.no/sv/vaksine/koronavaksinasjonsprogrammet/koronavaksinasjonsstatistikk/,970101,687873,282228
