location,date,vaccine,source_url,total_vaccinations,people_vaccinated,people_fully_vaccinated
Pakistan,2021-02-02,"Oxford/AstraZeneca, Sinopharm/Beijing, Sputnik V",https://www.thehindu.com/news/international/pakistan-begins-covid-19-vaccination-programme/article33743052.ece,0,0,0
Pakistan,2021-02-10,"Oxford/AstraZeneca, Sinopharm/Beijing, Sputnik V",https://www.geo.tv/latest/334290-no-side-effects-of-covid-19-vaccine-pakistani-frontline-health-workers-say,27228,27228,0
Pakistan,2021-02-17,"Oxford/AstraZeneca, Sinopharm/Beijing, Sputnik V",https://www.dawn.com/news/1607971,52768,52768,0
Pakistan,2021-02-21,"Oxford/AstraZeneca, Sinopharm/Beijing, Sputnik V",https://www.geo.tv/latest/336163-56m-coronavirus-vaccine-doses-to-arrive-pakistan-in-march,72882,72882,0
Pakistan,2021-03-14,"Oxford/AstraZeneca, Sinopharm/Beijing, Sputnik V",https://www.thenews.com.pk/latest/804243-asad-umar-dispels-notion-pakistan-does-not-plan-on-purchasing-vaccines,350000,,
Pakistan,2021-03-31,"Oxford/AstraZeneca, Sinopharm/Beijing, Sputnik V",https://www.dawn.com/news/1615662/more-than-08m-covid-19-vaccine-doses-administered-in-pakistan-dr-faisal,800000,,
