location,date,vaccine,source_url,total_vaccinations,people_vaccinated,people_fully_vaccinated
Romania,2020-12-27,"Moderna, Oxford/AstraZeneca, Pfizer/BioNTech",https://datelazi.ro/,965,965,0
Romania,2020-12-28,"Moderna, Oxford/AstraZeneca, Pfizer/BioNTech",https://datelazi.ro/,2066,2066,0
Romania,2020-12-29,"Moderna, Oxford/AstraZeneca, Pfizer/BioNTech",https://datelazi.ro/,2778,2778,0
Romania,2020-12-30,"Moderna, Oxford/AstraZeneca, Pfizer/BioNTech",https://datelazi.ro/,5666,5666,0
Romania,2020-12-31,"Moderna, Oxford/AstraZeneca, Pfizer/BioNTech",https://datelazi.ro/,10289,10289,0
Romania,2021-01-01,"Moderna, Oxford/AstraZeneca, Pfizer/BioNTech",https://datelazi.ro/,11656,11656,0
Romania,2021-01-02,"Moderna, Oxford/AstraZeneca, Pfizer/BioNTech",https://datelazi.ro/,13242,13242,0
Romania,2021-01-03,"Moderna, Oxford/AstraZeneca, Pfizer/BioNTech",https://datelazi.ro/,13596,13596,0
Romania,2021-01-04,"Moderna, Oxford/AstraZeneca, Pfizer/BioNTech",https://datelazi.ro/,25508,25508,0
Romania,2021-01-05,"Moderna, Oxford/AstraZeneca, Pfizer/BioNTech",https://datelazi.ro/,41609,41609,0
Romania,2021-01-06,"Moderna, Oxford/AstraZeneca, Pfizer/BioNTech",https://datelazi.ro/,58554,58554,0
Romania,2021-01-07,"Moderna, Oxford/AstraZeneca, Pfizer/BioNTech",https://datelazi.ro/,76400,76400,0
Romania,2021-01-08,"Moderna, Oxford/AstraZeneca, Pfizer/BioNTech",https://datelazi.ro/,92706,92706,0
Romania,2021-01-09,"Moderna, Oxford/AstraZeneca, Pfizer/BioNTech",https://datelazi.ro/,102301,102301,0
Romania,2021-01-10,"Moderna, Oxford/AstraZeneca, Pfizer/BioNTech",https://datelazi.ro/,108294,108294,0
Romania,2021-01-11,"Moderna, Oxford/AstraZeneca, Pfizer/BioNTech",https://datelazi.ro/,125190,125190,0
Romania,2021-01-12,"Moderna, Oxford/AstraZeneca, Pfizer/BioNTech",https://datelazi.ro/,140447,140447,0
Romania,2021-01-13,"Moderna, Oxford/AstraZeneca, Pfizer/BioNTech",https://datelazi.ro/,154268,154268,0
Romania,2021-01-14,"Moderna, Oxford/AstraZeneca, Pfizer/BioNTech",https://datelazi.ro/,154268,154268,0
Romania,2021-01-15,"Moderna, Oxford/AstraZeneca, Pfizer/BioNTech",https://datelazi.ro/,183669,183669,0
Romania,2021-01-16,"Moderna, Oxford/AstraZeneca, Pfizer/BioNTech",https://datelazi.ro/,196090,196090,0
Romania,2021-01-17,"Moderna, Oxford/AstraZeneca, Pfizer/BioNTech",https://datelazi.ro/,204185,203310,875
Romania,2021-01-18,"Moderna, Oxford/AstraZeneca, Pfizer/BioNTech",https://datelazi.ro/,235239,233289,1950
Romania,2021-01-19,"Moderna, Oxford/AstraZeneca, Pfizer/BioNTech",https://datelazi.ro/,270046,267425,2621
Romania,2021-01-20,"Moderna, Oxford/AstraZeneca, Pfizer/BioNTech",https://datelazi.ro/,308384,302571,5813
Romania,2021-01-21,"Moderna, Oxford/AstraZeneca, Pfizer/BioNTech",https://datelazi.ro/,348096,338253,9843
Romania,2021-01-22,"Moderna, Oxford/AstraZeneca, Pfizer/BioNTech",https://datelazi.ro/,385936,374682,11254
Romania,2021-01-23,"Moderna, Oxford/AstraZeneca, Pfizer/BioNTech",https://datelazi.ro/,418885,406007,12878
Romania,2021-01-24,"Moderna, Oxford/AstraZeneca, Pfizer/BioNTech",https://datelazi.ro/,446285,433130,13155
Romania,2021-01-25,"Moderna, Oxford/AstraZeneca, Pfizer/BioNTech",https://datelazi.ro/,484631,459568,25063
Romania,2021-01-26,"Moderna, Oxford/AstraZeneca, Pfizer/BioNTech",https://datelazi.ro/,528378,487712,40666
Romania,2021-01-27,"Moderna, Oxford/AstraZeneca, Pfizer/BioNTech",https://datelazi.ro/,570704,513430,57274
Romania,2021-01-28,"Moderna, Oxford/AstraZeneca, Pfizer/BioNTech",https://datelazi.ro/,609396,534347,75049
Romania,2021-01-29,"Moderna, Oxford/AstraZeneca, Pfizer/BioNTech",https://datelazi.ro/,647000,554925,92075
Romania,2021-01-30,"Moderna, Oxford/AstraZeneca, Pfizer/BioNTech",https://datelazi.ro/,672396,571092,101304
Romania,2021-01-31,"Moderna, Oxford/AstraZeneca, Pfizer/BioNTech",https://datelazi.ro/,691415,585219,106196
Romania,2021-02-01,"Moderna, Oxford/AstraZeneca, Pfizer/BioNTech",https://datelazi.ro/,721184,598136,123048
Romania,2021-02-02,"Moderna, Oxford/AstraZeneca, Pfizer/BioNTech",https://datelazi.ro/,748732,610384,138348
Romania,2021-02-03,"Moderna, Oxford/AstraZeneca, Pfizer/BioNTech",https://datelazi.ro/,772202,620177,152025
Romania,2021-02-04,"Moderna, Oxford/AstraZeneca, Pfizer/BioNTech",https://datelazi.ro/,794795,629280,165515
Romania,2021-02-05,"Moderna, Oxford/AstraZeneca, Pfizer/BioNTech",https://datelazi.ro/,821552,638887,182665
Romania,2021-02-06,"Moderna, Oxford/AstraZeneca, Pfizer/BioNTech",https://datelazi.ro/,840812,647691,193121
Romania,2021-02-07,"Moderna, Oxford/AstraZeneca, Pfizer/BioNTech",https://datelazi.ro/,856322,656178,200144
Romania,2021-02-08,"Moderna, Oxford/AstraZeneca, Pfizer/BioNTech",https://datelazi.ro/,891348,661063,230285
Romania,2021-02-09,"Moderna, Oxford/AstraZeneca, Pfizer/BioNTech",https://datelazi.ro/,930155,666943,263212
Romania,2021-02-10,"Moderna, Oxford/AstraZeneca, Pfizer/BioNTech",https://datelazi.ro/,970967,671449,299518
Romania,2021-02-11,"Moderna, Oxford/AstraZeneca, Pfizer/BioNTech",https://datelazi.ro/,1009421,675234,334187
Romania,2021-02-12,"Moderna, Oxford/AstraZeneca, Pfizer/BioNTech",https://datelazi.ro/,1048797,679333,369464
Romania,2021-02-13,"Moderna, Oxford/AstraZeneca, Pfizer/BioNTech",https://datelazi.ro/,1084096,683347,400749
Romania,2021-02-14,"Moderna, Oxford/AstraZeneca, Pfizer/BioNTech",https://datelazi.ro/,1113975,686635,427340
Romania,2021-02-15,"Moderna, Oxford/AstraZeneca, Pfizer/BioNTech",https://datelazi.ro/,1151112,696944,454168
Romania,2021-02-16,"Moderna, Oxford/AstraZeneca, Pfizer/BioNTech",https://datelazi.ro/,1197089,715749,481340
Romania,2021-02-17,"Moderna, Oxford/AstraZeneca, Pfizer/BioNTech",https://datelazi.ro/,1240408,734929,505479
Romania,2021-02-18,"Moderna, Oxford/AstraZeneca, Pfizer/BioNTech",https://datelazi.ro/,1280228,753753,526475
Romania,2021-02-19,"Moderna, Oxford/AstraZeneca, Pfizer/BioNTech",https://datelazi.ro/,1318355,771240,547115
Romania,2021-02-20,"Moderna, Oxford/AstraZeneca, Pfizer/BioNTech",https://datelazi.ro/,1351279,788508,562771
Romania,2021-02-21,"Moderna, Oxford/AstraZeneca, Pfizer/BioNTech",https://datelazi.ro/,1379223,803098,576125
Romania,2021-02-22,"Moderna, Oxford/AstraZeneca, Pfizer/BioNTech",https://datelazi.ro/,1409087,819447,589640
Romania,2021-02-23,"Moderna, Oxford/AstraZeneca, Pfizer/BioNTech",https://datelazi.ro/,1438432,836860,601572
Romania,2021-02-24,"Moderna, Oxford/AstraZeneca, Pfizer/BioNTech",https://datelazi.ro/,1466649,855097,611552
Romania,2021-02-25,"Moderna, Oxford/AstraZeneca, Pfizer/BioNTech",https://datelazi.ro/,1486907,872361,614546
Romania,2021-02-26,"Moderna, Oxford/AstraZeneca, Pfizer/BioNTech",https://datelazi.ro/,1506032,890068,615964
Romania,2021-02-27,"Moderna, Oxford/AstraZeneca, Pfizer/BioNTech",https://datelazi.ro/,1521736,905142,616594
Romania,2021-02-28,"Moderna, Oxford/AstraZeneca, Pfizer/BioNTech",https://datelazi.ro/,1532872,915761,617111
Romania,2021-03-01,"Moderna, Oxford/AstraZeneca, Pfizer/BioNTech",https://datelazi.ro/,1565021,946781,618240
Romania,2021-03-02,"Moderna, Oxford/AstraZeneca, Pfizer/BioNTech",https://datelazi.ro/,1603179,983997,619182
Romania,2021-03-03,"Moderna, Oxford/AstraZeneca, Pfizer/BioNTech",https://datelazi.ro/,1641874,1022066,619808
Romania,2021-03-04,"Moderna, Oxford/AstraZeneca, Pfizer/BioNTech",https://datelazi.ro/,1685611,1058452,627159
Romania,2021-03-05,"Moderna, Oxford/AstraZeneca, Pfizer/BioNTech",https://datelazi.ro/,1732964,1096911,636053
Romania,2021-03-06,"Moderna, Oxford/AstraZeneca, Pfizer/BioNTech",https://datelazi.ro/,1781602,1135895,645707
Romania,2021-03-07,"Moderna, Oxford/AstraZeneca, Pfizer/BioNTech",https://datelazi.ro/,1826786,1173219,653567
Romania,2021-03-08,"Moderna, Oxford/AstraZeneca, Pfizer/BioNTech",https://datelazi.ro/,1870244,1211503,658741
Romania,2021-03-09,"Moderna, Oxford/AstraZeneca, Pfizer/BioNTech",https://datelazi.ro/,1918443,1253801,664642
Romania,2021-03-10,"Moderna, Oxford/AstraZeneca, Pfizer/BioNTech",https://datelazi.ro/,1969846,1296161,673685
Romania,2021-03-11,"Moderna, Oxford/AstraZeneca, Pfizer/BioNTech",https://datelazi.ro/,2019757,1335828,683929
Romania,2021-03-12,"Moderna, Oxford/AstraZeneca, Pfizer/BioNTech",https://datelazi.ro/,2069143,1374595,694548
Romania,2021-03-13,"Moderna, Oxford/AstraZeneca, Pfizer/BioNTech",https://datelazi.ro/,2117865,1412636,705229
Romania,2021-03-14,"Moderna, Oxford/AstraZeneca, Pfizer/BioNTech",https://datelazi.ro/,2160564,1446358,714206
Romania,2021-03-15,"Moderna, Oxford/AstraZeneca, Pfizer/BioNTech",https://datelazi.ro/,2210140,1486184,723956
Romania,2021-03-16,"Moderna, Oxford/AstraZeneca, Pfizer/BioNTech",https://datelazi.ro/,2270124,1530483,739641
Romania,2021-03-17,"Moderna, Oxford/AstraZeneca, Pfizer/BioNTech",https://datelazi.ro/,2324405,1571466,752939
Romania,2021-03-18,"Moderna, Oxford/AstraZeneca, Pfizer/BioNTech",https://datelazi.ro/,2376330,1614577,761753
Romania,2021-03-19,"Moderna, Oxford/AstraZeneca, Pfizer/BioNTech",https://datelazi.ro/,2426191,1657270,768921
Romania,2021-03-20,"Moderna, Oxford/AstraZeneca, Pfizer/BioNTech",https://datelazi.ro/,2477095,1703448,773647
Romania,2021-03-21,"Moderna, Oxford/AstraZeneca, Pfizer/BioNTech",https://datelazi.ro/,2521512,1745105,776407
Romania,2021-03-22,"Moderna, Oxford/AstraZeneca, Pfizer/BioNTech",https://datelazi.ro/,2568108,1768379,799729
Romania,2021-03-23,"Moderna, Oxford/AstraZeneca, Pfizer/BioNTech",https://datelazi.ro/,2626770,1799681,827089
Romania,2021-03-24,"Moderna, Oxford/AstraZeneca, Pfizer/BioNTech",https://datelazi.ro/,2685878,1830477,855401
Romania,2021-03-25,"Moderna, Oxford/AstraZeneca, Pfizer/BioNTech",https://datelazi.ro/,2744764,1860646,884118
Romania,2021-03-26,"Moderna, Oxford/AstraZeneca, Pfizer/BioNTech",https://datelazi.ro/,2799895,1887031,912864
Romania,2021-03-27,"Moderna, Oxford/AstraZeneca, Pfizer/BioNTech",https://datelazi.ro/,2858442,1913883,944559
Romania,2021-03-28,"Moderna, Oxford/AstraZeneca, Pfizer/BioNTech",https://datelazi.ro/,2913155,1938483,974672
Romania,2021-03-29,"Moderna, Oxford/AstraZeneca, Pfizer/BioNTech",https://datelazi.ro/,2965613,1962147,1003466
Romania,2021-03-30,"Moderna, Oxford/AstraZeneca, Pfizer/BioNTech",https://datelazi.ro/,3030031,1989391,1040640
Romania,2021-03-31,"Moderna, Oxford/AstraZeneca, Pfizer/BioNTech",https://datelazi.ro/,3088292,2014305,1073987
