location,date,vaccine,source_url,total_vaccinations,people_vaccinated,people_fully_vaccinated
Saint Kitts and Nevis,2021-02-22,Oxford/AstraZeneca,https://wicnews.com/caribbean/st-kitts-and-nevis-vaccine-roll-out-begins-from-22-feb-for-70-population-035632875/,0,0,0
Saint Kitts and Nevis,2021-03-16,Oxford/AstraZeneca,https://covid19.gov.kn/,6903,6903,0
Saint Kitts and Nevis,2021-03-19,Oxford/AstraZeneca,https://www.facebook.com/StKittsHPU/photos/a.158729094910938/882416222542218/,7580,7580,0
Saint Kitts and Nevis,2021-03-27,Oxford/AstraZeneca,https://www.facebook.com/StKittsHPU/posts/886964598754047,8573,8573,0
