location,date,vaccine,source_url,total_vaccinations,people_vaccinated,people_fully_vaccinated
Serbia,2021-01-08,"Pfizer/BioNTech, Sinopharm/Beijing, Sputnik V",https://www.zdravlje.gov.rs/vest/353217/do-sada-vakcinu-pritiv-korone-primilo-vise-od-7000-ljudi.php,7000,7000,
Serbia,2021-01-10,"Pfizer/BioNTech, Sinopharm/Beijing, Sputnik V",https://www.srbija.gov.rs/vest/en/166035/preconditions-for-beginning-of-mass-vaccination-provided.php,9300,9300,
Serbia,2021-01-14,"Pfizer/BioNTech, Sinopharm/Beijing, Sputnik V",https://www.srbija.gov.rs/vest/en/166230/18136-citizens-vaccinated-to-date.php,18136,18136,
Serbia,2021-01-20,"Pfizer/BioNTech, Sinopharm/Beijing, Sputnik V",http://tanjug.rs/full-view.aspx?izb=623820,44611,44611,
Serbia,2021-01-21,"Pfizer/BioNTech, Sinopharm/Beijing, Sputnik V",https://www.blic.rs/vesti/drustvo/saznajemo-u-srbiji-do-veceras-vakcinisano-ukupno-84832-osobe/rqk9z4m,84832,84832,
Serbia,2021-01-22,"Pfizer/BioNTech, Sinopharm/Beijing, Sputnik V",https://www.srbija.gov.rs/vest/514113/vakcinacija-u-srbiji-krenula-veoma-dobro.php,119711,119711,
Serbia,2021-01-23,"Pfizer/BioNTech, Sinopharm/Beijing, Sputnik V",https://www.telegraf.rs/vesti/srbija/3292522-u-srbiji-vakcinisano-163355-osoba-kol-centri-rade-punom-parom-vakcinu-dobilo-jos-8000-prosvetara,163355,163355,
Serbia,2021-01-24,"Pfizer/BioNTech, Sinopharm/Beijing, Sputnik V",https://www.rts.rs/page/stories/sr/%D0%9A%D0%BE%D1%80%D0%BE%D0%BD%D0%B0%D0%B2%D0%B8%D1%80%D1%83%D1%81/story/3134/koronavirus-u-srbiji/4232328/korona-srbija-podaci-zarazeni,217800,217800,
Serbia,2021-01-25,"Pfizer/BioNTech, Sinopharm/Beijing, Sputnik V",https://www.danas.rs/drustvo/rts-do-sada-vakcinisan-256-521-gradjanin-protiv-korona-virusa-u-srbiji/,256521,256521,
Serbia,2021-01-26,"Pfizer/BioNTech, Sinopharm/Beijing, Sputnik V",https://www.aa.com.tr/ba/balkan/vu%C4%8Di%C4%87-u-srbiji-protiv-koronavirusa-vakcinisano-skoro-320000-ljudi/2123908,319504,319504,
Serbia,2021-01-27,"Pfizer/BioNTech, Sinopharm/Beijing, Sputnik V",https://www.b92.net/eng/news/society.php?yyyy=2021&mm=01&dd=27&nav_id=110282,361830,361830,
Serbia,2021-01-28,"Pfizer/BioNTech, Sinopharm/Beijing, Sputnik V",http://www.politika.rs/sr/clanak/471786/U-Srbiji-vakcinisano-vise-od-400-hiljada-gradana,401556,401556,
Serbia,2021-01-29,"Pfizer/BioNTech, Sinopharm/Beijing, Sputnik V",https://www.021.rs/story/Info/Srbija/264881/U-Srbiji-do-sada-vakcinisano-430759-gradjana.html,430759,430759,
Serbia,2021-01-30,"Pfizer/BioNTech, Sinopharm/Beijing, Sputnik V",https://www.srbija.gov.rs/vest/en/166989/serbia-second-in-europe-by-number-of-covid-immunisations-per-million-people.php,437380,437380,
Serbia,2021-02-02,"Pfizer/BioNTech, Sinopharm/Beijing, Sputnik V",https://www.kurir.rs/vesti/drustvo/3617183/u-srbiji-vakcinisano-skoro-pola-miliona-gradjana-i-dalje-u-regionu-ubedljivo-prvi-drugi-u-evropi,495964,495964,
Serbia,2021-02-03,"Pfizer/BioNTech, Sinopharm/Beijing, Sputnik V",https://www.danas.rs/drustvo/u-srbiji-do-sada-vakcinisane-513-652-osobe/,513652,513652,
Serbia,2021-02-04,"Pfizer/BioNTech, Sinopharm/Beijing, Sputnik V",https://www.danas.rs/drustvo/vakcinu-dobilo-526-930-gradjana-nis-i-dalje-vodeci-u-zemlji/,526930,526930,
Serbia,2021-02-05,"Pfizer/BioNTech, Sinopharm/Beijing, Sputnik V",https://nova.rs/vesti/drustvo/srbija-2-u-evropi-po-broju-vakcinacija-na-milion-stanovnika/,538373,538373,
Serbia,2021-02-07,"Pfizer/BioNTech, Sinopharm/Beijing, Sputnik V",https://www.danas.rs/drustvo/vakcinu-protiv-korona-virusa-u-srbiji-do-sada-primilo-544-209-osoba/,544209,544209,
Serbia,2021-02-10,"Pfizer/BioNTech, Sinopharm/Beijing, Sputnik V",https://www.alo.rs/vesti/drustvo/592-634-primilo-vakcinu-sve-veci-broj-revakcinisanih/383807/vest,640299,592634,47665
Serbia,2021-02-12,"Pfizer/BioNTech, Sinopharm/Beijing, Sputnik V",https://www.srbija.gov.rs/vest/519927/razmatra-se-poostravanje-mera-zbog-pogorsanja-epidemioloske-situacije.php,836287,710138,126149
Serbia,2021-02-14,"Pfizer/BioNTech, Sinopharm/Beijing, Sputnik V",https://www.srbija.gov.rs/vest/520059/sutra-stize-vise-od-40000-doza-vakcine-kompanije-fajzer.php,987000,805000,182000
Serbia,2021-02-23,"Oxford/AstraZeneca, Pfizer/BioNTech, Sinopharm/Beijing, Sputnik V",https://www.rts.rs/page/stories/ci/%D0%9A%D0%BE%D1%80%D0%BE%D0%BD%D0%B0%D0%B2%D0%B8%D1%80%D1%83%D1%81/story/3131/koronavirus-u-srbiji/4270223/korona-srbija-podaci-zarazeni.html,1300330,827561,472769
Serbia,2021-02-24,"Oxford/AstraZeneca, Pfizer/BioNTech, Sinopharm/Beijing, Sputnik V",https://www.rts.rs/page/stories/sr/%D0%9A%D0%BE%D1%80%D0%BE%D0%BD%D0%B0%D0%B2%D0%B8%D1%80%D1%83%D1%81/story/3134/koronavirus-u-srbiji/4271539/korona-srbija-podaci-zarazeni.html,1343718,856359,487359
Serbia,2021-02-25,"Oxford/AstraZeneca, Pfizer/BioNTech, Sinopharm/Beijing, Sputnik V",https://www.rts.rs/page/stories/sr/%D0%9A%D0%BE%D1%80%D0%BE%D0%BD%D0%B0%D0%B2%D0%B8%D1%80%D1%83%D1%81/story/3134/koronavirus-u-srbiji/4272967/koronavirus-srbija-zarazeni-kovid-19-krizni-stab.html,1375872,878143,497729
Serbia,2021-02-26,"Oxford/AstraZeneca, Pfizer/BioNTech, Sinopharm/Beijing, Sputnik V",https://www.srbija.gov.rs/vest/en/168513/new-measures-against-coronavirus-in-force-for-the-weekend.php,1393086,886086,507000
Serbia,2021-02-27,"Oxford/AstraZeneca, Pfizer/BioNTech, Sinopharm/Beijing, Sputnik V",https://www.rts.rs/page/stories/sr/Коронавирус/story/3134/koronavirus-u-srbiji/4275357/koronavirus-kovid-19-vakcine-srbija-epidemija.html,1433055,921248,511807
Serbia,2021-02-28,"Oxford/AstraZeneca, Pfizer/BioNTech, Sinopharm/Beijing, Sputnik V",https://www.rts.rs/page/stories/sr/%D0%9A%D0%BE%D1%80%D0%BE%D0%BD%D0%B0%D0%B2%D0%B8%D1%80%D1%83%D1%81/story/3134/koronavirus-u-srbiji/4276232/koronavirus-kovid-19-vakcine-srbija-epidemija.html,1436682,924683,511999
Serbia,2021-03-01,"Oxford/AstraZeneca, Pfizer/BioNTech, Sinopharm/Beijing, Sputnik V",https://www.rts.rs/page/stories/sr/%D0%9A%D0%BE%D1%80%D0%BE%D0%BD%D0%B0%D0%B2%D0%B8%D1%80%D1%83%D1%81/story/3134/koronavirus-u-srbiji/4277713/koronavirus-srbija-2.-mart-.html,1470606,946375,524231
Serbia,2021-03-02,"Oxford/AstraZeneca, Pfizer/BioNTech, Sinopharm/Beijing, Sputnik V",https://www.rts.rs/page/stories/sr/%D0%9A%D0%BE%D1%80%D0%BE%D0%BD%D0%B0%D0%B2%D0%B8%D1%80%D1%83%D1%81/story/3134/koronavirus-u-srbiji/4279039/korona-srbija-podaci-zarazeni#shortStory-122262,1501917,971054,530863
Serbia,2021-03-03,"Oxford/AstraZeneca, Pfizer/BioNTech, Sinopharm/Beijing, Sputnik V",https://www.rts.rs/page/stories/sr/%D0%9A%D0%BE%D1%80%D0%BE%D0%BD%D0%B0%D0%B2%D0%B8%D1%80%D1%83%D1%81/story/3134/koronavirus-u-srbiji/4280365/korona-srbija-podaci-zarazeni.html,1535274,1000523,534751
Serbia,2021-03-04,"Oxford/AstraZeneca, Pfizer/BioNTech, Sinopharm/Beijing, Sputnik V",https://www.rts.rs/page/stories/sr/%D0%9A%D0%BE%D1%80%D0%BE%D0%BD%D0%B0%D0%B2%D0%B8%D1%80%D1%83%D1%81/story/3134/koronavirus-u-srbiji/4281959/koronavirus-srbija-broj-vakcinisanih-preminulih-vakcinisanih-epidemioloska-situacija.html,1576983,1013061,563922
Serbia,2021-03-05,"Oxford/AstraZeneca, Pfizer/BioNTech, Sinopharm/Beijing, Sputnik V",https://www.rts.rs/page/stories/sr/%D0%9A%D0%BE%D1%80%D0%BE%D0%BD%D0%B0%D0%B2%D0%B8%D1%80%D1%83%D1%81/story/3134/koronavirus-u-srbiji/4283653/srbija-koronavirus-predrag-kon-branislav-tiodorovic.html,1618754,1025137,593617
Serbia,2021-03-06,"Oxford/AstraZeneca, Pfizer/BioNTech, Sinopharm/Beijing, Sputnik V",https://www.rts.rs/page/stories/sr/%D0%9A%D0%BE%D1%80%D0%BE%D0%BD%D0%B0%D0%B2%D0%B8%D1%80%D1%83%D1%81/story/3134/koronavirus-u-srbiji/4284271/koronavirus-srbija-broj-zarazenih-preminulih-mere-vakcinacija-.html,1650030,1029963,620067
Serbia,2021-03-07,"Oxford/AstraZeneca, Pfizer/BioNTech, Sinopharm/Beijing, Sputnik V",https://www.rts.rs/page/stories/sr/%D0%9A%D0%BE%D1%80%D0%BE%D0%BD%D0%B0%D0%B2%D0%B8%D1%80%D1%83%D1%81/story/3134/koronavirus-u-srbiji/4284853/koronavirus-srbija-8.-mart-2021.html,1651293,1030440,620853
Serbia,2021-03-08,"Oxford/AstraZeneca, Pfizer/BioNTech, Sinopharm/Beijing, Sputnik V",https://www.rts.rs/page/stories/sr/%D0%9A%D0%BE%D1%80%D0%BE%D0%BD%D0%B0%D0%B2%D0%B8%D1%80%D1%83%D1%81/story/3134/koronavirus-u-srbiji/4286408/koronavirus-kovid-19-vakcine-srbija-epidemija.html,1704790,1081366,623424
Serbia,2021-03-09,"Oxford/AstraZeneca, Pfizer/BioNTech, Sinopharm/Beijing, Sputnik V",https://www.rts.rs/page/stories/sr/%D0%9A%D0%BE%D1%80%D0%BE%D0%BD%D0%B0%D0%B2%D0%B8%D1%80%D1%83%D1%81/story/3134/koronavirus-u-srbiji/4287680/korona-srbija-podaci-zarazeni.html,1750533,1124826,625707
Serbia,2021-03-10,"Oxford/AstraZeneca, Pfizer/BioNTech, Sinopharm/Beijing, Sputnik V",https://www.rts.rs/page/stories/sr/%D0%9A%D0%BE%D1%80%D0%BE%D0%BD%D0%B0%D0%B2%D0%B8%D1%80%D1%83%D1%81/story/3134/koronavirus-u-srbiji/4289341/korona-srbija-podaci-zarazeni#shortStory-124795,1792912,1145893,647019
Serbia,2021-03-11,"Oxford/AstraZeneca, Pfizer/BioNTech, Sinopharm/Beijing, Sputnik V",https://www.rts.rs/page/stories/sr/%D0%9A%D0%BE%D1%80%D0%BE%D0%BD%D0%B0%D0%B2%D0%B8%D1%80%D1%83%D1%81/story/3134/koronavirus-u-srbiji/4289883/korona-srbija-podaci-zarazeni.html,1827340,1161194,666146
Serbia,2021-03-12,"Oxford/AstraZeneca, Pfizer/BioNTech, Sinopharm/Beijing, Sputnik V",https://www.rts.rs/page/stories/sr/%D0%9A%D0%BE%D1%80%D0%BE%D0%BD%D0%B0%D0%B2%D0%B8%D1%80%D1%83%D1%81/story/3134/koronavirus-u-srbiji/4292355/koronavirus-srbija-mere-vikend-zatvaranja.html,1897335,1196235,701100
Serbia,2021-03-13,"Oxford/AstraZeneca, Pfizer/BioNTech, Sinopharm/Beijing, Sputnik V",https://www.rts.rs/page/stories/sr/%D0%9A%D0%BE%D1%80%D0%BE%D0%BD%D0%B0%D0%B2%D0%B8%D1%80%D1%83%D1%81/story/3134/koronavirus-u-srbiji/4293159/koronavirus-vakcinacija-zarazeni-srbija-epidemija.html,1957065,1218309,738756
Serbia,2021-03-14,"Oxford/AstraZeneca, Pfizer/BioNTech, Sinopharm/Beijing, Sputnik V",https://www.rts.rs/page/stories/sr/%D0%9A%D0%BE%D1%80%D0%BE%D0%BD%D0%B0%D0%B2%D0%B8%D1%80%D1%83%D1%81/story/3134/koronavirus-u-srbiji/4294241/koronavirus-kovid-19-vakcina-epidemija-srbija.html,2007650,1224982,782668
Serbia,2021-03-15,"Oxford/AstraZeneca, Pfizer/BioNTech, Sinopharm/Beijing, Sputnik V",https://www.rts.rs/page/stories/sr/%D0%9A%D0%BE%D1%80%D0%BE%D0%BD%D0%B0%D0%B2%D0%B8%D1%80%D1%83%D1%81/story/3134/koronavirus-u-srbiji/4295816/koronavirus-kovid-19-vakcine-srbija-epidemija.html,2040313,1249044,791269
Serbia,2021-03-16,"Oxford/AstraZeneca, Pfizer/BioNTech, Sinopharm/Beijing, Sputnik V",https://www.b92.net/info/vesti/index.php?yyyy=2021&mm=03&dd=17&nav_category=12&nav_id=1828095,2052402,1258476,793926
Serbia,2021-03-17,"Oxford/AstraZeneca, Pfizer/BioNTech, Sinopharm/Beijing, Sputnik V",https://www.rts.rs/page/stories/ci/%D0%9A%D0%BE%D1%80%D0%BE%D0%BD%D0%B0%D0%B2%D0%B8%D1%80%D1%83%D1%81/story/3131/koronavirus-u-srbiji/4297611/koronavirus-srbija-podaci-17.-mart,2077197,1267822,809375
Serbia,2021-03-18,"Oxford/AstraZeneca, Pfizer/BioNTech, Sinopharm/Beijing, Sputnik V",https://www.rts.rs/page/stories/sr/%D0%9A%D0%BE%D1%80%D0%BE%D0%BD%D0%B0%D0%B2%D0%B8%D1%80%D1%83%D1%81/story/3134/koronavirus-u-srbiji/4300365/koronavirus-srbija-broj-zarazenih-preminulih-vakcinacija-mere.html,2112074,1285223,826851
Serbia,2021-03-19,"Oxford/AstraZeneca, Pfizer/BioNTech, Sinopharm/Beijing, Sputnik V",https://www.rts.rs/page/stories/sr/%D0%9A%D0%BE%D1%80%D0%BE%D0%BD%D0%B0%D0%B2%D0%B8%D1%80%D1%83%D1%81/story/3134/koronavirus-u-srbiji/4301815/koronavirus-srbija-zarazeni-podaci.html,2161595,1303661,857934
Serbia,2021-03-20,"Oxford/AstraZeneca, Pfizer/BioNTech, Sinopharm/Beijing, Sputnik V",https://www.rts.rs/page/stories/sr/%D0%9A%D0%BE%D1%80%D0%BE%D0%BD%D0%B0%D0%B2%D0%B8%D1%80%D1%83%D1%81/story/3134/koronavirus-u-srbiji/4302356/koronavirus-kovid-19-vakcine-srbija-epidemija.html,2163593,1305132,858461
Serbia,2021-03-21,"Oxford/AstraZeneca, Pfizer/BioNTech, Sinopharm/Beijing, Sputnik V",https://www.rts.rs/page/stories/sr/%D0%9A%D0%BE%D1%80%D0%BE%D0%BD%D0%B0%D0%B2%D0%B8%D1%80%D1%83%D1%81/story/3134/koronavirus-u-srbiji/4303641/koronavirus-kovid-19-vakcine-mere-srbija-epidemija.html,2169862,1308036,861826
Serbia,2021-03-22,"Oxford/AstraZeneca, Pfizer/BioNTech, Sinopharm/Beijing, Sputnik V",https://www.rts.rs/page/stories/sr/%D0%9A%D0%BE%D1%80%D0%BE%D0%BD%D0%B0%D0%B2%D0%B8%D1%80%D1%83%D1%81/story/3134/koronavirus-u-srbiji/4305027/koronavirus-srbija-23.-mart-2021..html,2178930,1313912,865018
Serbia,2021-03-23,"Oxford/AstraZeneca, Pfizer/BioNTech, Sinopharm/Beijing, Sputnik V",https://www.b92.net/info/vesti/index.php?yyyy=2021&mm=03&dd=24&nav_category=12&nav_id=1831791,2206821,1330385,876436
Serbia,2021-03-24,"Oxford/AstraZeneca, Pfizer/BioNTech, Sinopharm/Beijing, Sputnik V",https://www.rts.rs/page/stories/sr/%D0%9A%D0%BE%D1%80%D0%BE%D0%BD%D0%B0%D0%B2%D0%B8%D1%80%D1%83%D1%81/story/3134/koronavirus-u-srbiji/4307726/koronavirus-srbija-situacija-zarazeni.html,2241510,1338010,903500
Serbia,2021-03-26,"Oxford/AstraZeneca, Pfizer/BioNTech, Sinopharm/Beijing, Sputnik V",https://www.rts.rs/page/stories/sr/%D0%9A%D0%BE%D1%80%D0%BE%D0%BD%D0%B0%D0%B2%D0%B8%D1%80%D1%83%D1%81/story/3134/koronavirus-u-srbiji/4309447/korona-srbija-podaci-zarazeni.html,2282876,1366442,916434
Serbia,2021-03-28,"Oxford/AstraZeneca, Pfizer/BioNTech, Sinopharm/Beijing, Sputnik V",https://www.rts.rs/page/stories/sr/%D0%9A%D0%BE%D1%80%D0%BE%D0%BD%D0%B0%D0%B2%D0%B8%D1%80%D1%83%D1%81/story/3134/koronavirus-u-srbiji/4311502/korona-srbija-podaci-zarazeni.html,2323689,1404190,919499
Serbia,2021-03-30,"Oxford/AstraZeneca, Pfizer/BioNTech, Sinopharm/Beijing, Sputnik V",https://www.alo.rs/vesti/drustvo/do-sada-milion-gradana-primilo-obe-doze-vakcine/400845/vest,2420995,1414983,1006012
Serbia,2021-03-31,"Oxford/AstraZeneca, Pfizer/BioNTech, Sinopharm/Beijing, Sputnik V",https://www.rts.rs/page/stories/sr/%D0%9A%D0%BE%D1%80%D0%BE%D0%BD%D0%B0%D0%B2%D0%B8%D1%80%D1%83%D1%81/story/3134/koronavirus-u-srbiji/4316187/koronavirus-kovid-19-podaci-31.-art-2021.vakcine-srbija-epidemija.html,2444395,1428888,1015507
Serbia,2021-04-01,"Oxford/AstraZeneca, Pfizer/BioNTech, Sinopharm/Beijing, Sputnik V",https://www.rts.rs/page/stories/sr/%D0%9A%D0%BE%D1%80%D0%BE%D0%BD%D0%B0%D0%B2%D0%B8%D1%80%D1%83%D1%81/story/3134/koronavirus-u-srbiji/4316979/koronavirus-srbija-podaci-1.-april-2021..html,2488631,1450922,1037709
