location,date,vaccine,source_url,total_vaccinations,people_vaccinated,people_fully_vaccinated
Slovenia,2020-12-27,"Oxford/AstraZeneca, Pfizer/BioNTech",https://www.cepimose.si/,6027,6027,0
Slovenia,2020-12-28,"Oxford/AstraZeneca, Pfizer/BioNTech",https://www.cepimose.si/,7574,7574,0
Slovenia,2020-12-29,"Oxford/AstraZeneca, Pfizer/BioNTech",https://www.cepimose.si/,8810,8810,0
Slovenia,2020-12-30,"Oxford/AstraZeneca, Pfizer/BioNTech",https://www.cepimose.si/,9195,9195,0
Slovenia,2020-12-31,"Oxford/AstraZeneca, Pfizer/BioNTech",https://www.cepimose.si/,11047,11047,0
Slovenia,2021-01-01,"Oxford/AstraZeneca, Pfizer/BioNTech",https://www.cepimose.si/,11197,11197,0
Slovenia,2021-01-02,"Oxford/AstraZeneca, Pfizer/BioNTech",https://www.cepimose.si/,11601,11601,0
Slovenia,2021-01-03,"Oxford/AstraZeneca, Pfizer/BioNTech",https://www.cepimose.si/,12156,12156,0
Slovenia,2021-01-04,"Oxford/AstraZeneca, Pfizer/BioNTech",https://www.cepimose.si/,13236,13236,0
Slovenia,2021-01-05,"Oxford/AstraZeneca, Pfizer/BioNTech",https://www.cepimose.si/,15694,15694,0
Slovenia,2021-01-06,"Oxford/AstraZeneca, Pfizer/BioNTech",https://www.cepimose.si/,20952,20952,0
Slovenia,2021-01-07,"Oxford/AstraZeneca, Pfizer/BioNTech",https://www.cepimose.si/,26400,26400,0
Slovenia,2021-01-08,"Oxford/AstraZeneca, Pfizer/BioNTech",https://www.cepimose.si/,29615,29614,1
Slovenia,2021-01-09,"Oxford/AstraZeneca, Pfizer/BioNTech",https://www.cepimose.si/,29869,29868,1
Slovenia,2021-01-10,"Oxford/AstraZeneca, Pfizer/BioNTech",https://www.cepimose.si/,29870,29869,1
Slovenia,2021-01-11,"Oxford/AstraZeneca, Pfizer/BioNTech",https://www.cepimose.si/,30354,30353,1
Slovenia,2021-01-12,"Oxford/AstraZeneca, Pfizer/BioNTech",https://www.cepimose.si/,32157,32156,1
Slovenia,2021-01-13,"Oxford/AstraZeneca, Pfizer/BioNTech",https://www.cepimose.si/,36847,36845,2
Slovenia,2021-01-14,"Oxford/AstraZeneca, Pfizer/BioNTech",https://www.cepimose.si/,43507,43504,3
Slovenia,2021-01-15,"Oxford/AstraZeneca, Pfizer/BioNTech",https://www.cepimose.si/,48404,48266,138
Slovenia,2021-01-16,"Oxford/AstraZeneca, Pfizer/BioNTech",https://www.cepimose.si/,48728,48590,138
Slovenia,2021-01-17,"Oxford/AstraZeneca, Pfizer/BioNTech",https://www.cepimose.si/,48732,48594,138
Slovenia,2021-01-18,"Oxford/AstraZeneca, Pfizer/BioNTech",https://www.cepimose.si/,48959,48656,303
Slovenia,2021-01-19,"Oxford/AstraZeneca, Pfizer/BioNTech",https://www.cepimose.si/,51127,49212,1915
Slovenia,2021-01-20,"Oxford/AstraZeneca, Pfizer/BioNTech",https://www.cepimose.si/,55800,50365,5435
Slovenia,2021-01-21,"Oxford/AstraZeneca, Pfizer/BioNTech",https://www.cepimose.si/,60455,51656,8799
Slovenia,2021-01-22,"Oxford/AstraZeneca, Pfizer/BioNTech",https://www.cepimose.si/,62630,52863,9767
Slovenia,2021-01-23,"Oxford/AstraZeneca, Pfizer/BioNTech",https://www.cepimose.si/,63342,53092,10250
Slovenia,2021-01-24,"Oxford/AstraZeneca, Pfizer/BioNTech",https://www.cepimose.si/,63491,53108,10383
Slovenia,2021-01-25,"Oxford/AstraZeneca, Pfizer/BioNTech",https://www.cepimose.si/,63498,53111,10387
Slovenia,2021-01-26,"Oxford/AstraZeneca, Pfizer/BioNTech",https://www.cepimose.si/,65325,53199,12126
Slovenia,2021-01-27,"Oxford/AstraZeneca, Pfizer/BioNTech",https://www.cepimose.si/,70349,53485,16864
Slovenia,2021-01-28,"Oxford/AstraZeneca, Pfizer/BioNTech",https://www.cepimose.si/,76441,54008,22433
Slovenia,2021-01-29,"Oxford/AstraZeneca, Pfizer/BioNTech",https://www.cepimose.si/,81006,54576,26430
Slovenia,2021-01-30,"Oxford/AstraZeneca, Pfizer/BioNTech",https://www.cepimose.si/,81122,54587,26535
Slovenia,2021-01-31,"Oxford/AstraZeneca, Pfizer/BioNTech",https://www.cepimose.si/,81124,54587,26537
Slovenia,2021-02-01,"Oxford/AstraZeneca, Pfizer/BioNTech",https://www.cepimose.si/,81177,54610,26567
Slovenia,2021-02-02,"Oxford/AstraZeneca, Pfizer/BioNTech",https://www.cepimose.si/,82290,54628,27662
Slovenia,2021-02-03,"Oxford/AstraZeneca, Pfizer/BioNTech",https://www.cepimose.si/,87086,54826,32260
Slovenia,2021-02-04,"Oxford/AstraZeneca, Pfizer/BioNTech",https://www.cepimose.si/,94470,55486,38984
Slovenia,2021-02-05,"Oxford/AstraZeneca, Pfizer/BioNTech",https://www.cepimose.si/,100110,55909,44201
Slovenia,2021-02-06,"Oxford/AstraZeneca, Pfizer/BioNTech",https://www.cepimose.si/,100711,55938,44773
Slovenia,2021-02-07,"Oxford/AstraZeneca, Pfizer/BioNTech",https://www.cepimose.si/,100711,55938,44773
Slovenia,2021-02-08,"Oxford/AstraZeneca, Pfizer/BioNTech",https://www.cepimose.si/,101109,56336,44773
Slovenia,2021-02-09,"Oxford/AstraZeneca, Pfizer/BioNTech",https://www.cepimose.si/,101228,56424,44804
Slovenia,2021-02-10,"Oxford/AstraZeneca, Pfizer/BioNTech",https://www.cepimose.si/,104428,58918,45510
Slovenia,2021-02-11,"Oxford/AstraZeneca, Pfizer/BioNTech",https://www.cepimose.si/,112989,65751,47238
Slovenia,2021-02-12,"Oxford/AstraZeneca, Pfizer/BioNTech",https://www.cepimose.si/,121592,72622,48970
Slovenia,2021-02-13,"Oxford/AstraZeneca, Pfizer/BioNTech",https://www.cepimose.si/,122491,73332,49159
Slovenia,2021-02-14,"Oxford/AstraZeneca, Pfizer/BioNTech",https://www.cepimose.si/,122523,73348,49175
Slovenia,2021-02-15,"Oxford/AstraZeneca, Pfizer/BioNTech",https://www.cepimose.si/,122610,73427,49183
Slovenia,2021-02-16,"Oxford/AstraZeneca, Pfizer/BioNTech",https://www.cepimose.si/,123725,74471,49254
Slovenia,2021-02-17,"Oxford/AstraZeneca, Pfizer/BioNTech",https://www.cepimose.si/,129256,79378,49878
Slovenia,2021-02-18,"Oxford/AstraZeneca, Pfizer/BioNTech",https://www.cepimose.si/,138277,87679,50598
Slovenia,2021-02-19,"Oxford/AstraZeneca, Pfizer/BioNTech",https://www.cepimose.si/,145021,93824,51197
Slovenia,2021-02-20,"Oxford/AstraZeneca, Pfizer/BioNTech",https://www.cepimose.si/,147559,96343,51216
Slovenia,2021-02-21,"Oxford/AstraZeneca, Pfizer/BioNTech",https://www.cepimose.si/,147560,96344,51216
Slovenia,2021-02-22,"Oxford/AstraZeneca, Pfizer/BioNTech",https://www.cepimose.si/,148035,96816,51219
Slovenia,2021-02-23,"Oxford/AstraZeneca, Pfizer/BioNTech",https://www.cepimose.si/,149553,98327,51226
Slovenia,2021-02-24,"Oxford/AstraZeneca, Pfizer/BioNTech",https://www.cepimose.si/,156527,105116,51411
Slovenia,2021-02-25,"Oxford/AstraZeneca, Pfizer/BioNTech",https://www.cepimose.si/,167448,115849,51599
Slovenia,2021-02-26,"Oxford/AstraZeneca, Pfizer/BioNTech",https://www.cepimose.si/,175202,123060,52142
Slovenia,2021-02-27,"Oxford/AstraZeneca, Pfizer/BioNTech",https://www.cepimose.si/,176128,123976,52152
Slovenia,2021-02-28,"Oxford/AstraZeneca, Pfizer/BioNTech",https://www.cepimose.si/,176128,123976,52152
Slovenia,2021-03-01,"Oxford/AstraZeneca, Pfizer/BioNTech",https://www.cepimose.si/,177266,125114,52152
Slovenia,2021-03-02,"Oxford/AstraZeneca, Pfizer/BioNTech",https://www.cepimose.si/,179430,127267,52163
Slovenia,2021-03-03,"Oxford/AstraZeneca, Pfizer/BioNTech",https://www.cepimose.si/,186782,133743,53039
Slovenia,2021-03-04,"Oxford/AstraZeneca, Pfizer/BioNTech",https://www.cepimose.si/,197909,140428,57481
Slovenia,2021-03-05,"Oxford/AstraZeneca, Pfizer/BioNTech",https://www.cepimose.si/,208156,145013,63143
Slovenia,2021-03-06,"Oxford/AstraZeneca, Pfizer/BioNTech",https://www.cepimose.si/,210089,146352,63737
Slovenia,2021-03-07,"Oxford/AstraZeneca, Pfizer/BioNTech",https://www.cepimose.si/,210089,146352,63737
Slovenia,2021-03-08,"Oxford/AstraZeneca, Pfizer/BioNTech",https://www.cepimose.si/,211893,147762,64131
Slovenia,2021-03-09,"Oxford/AstraZeneca, Pfizer/BioNTech",https://www.cepimose.si/,216069,151443,64626
Slovenia,2021-03-10,"Oxford/AstraZeneca, Pfizer/BioNTech",https://www.cepimose.si/,225656,156110,69546
Slovenia,2021-03-11,"Oxford/AstraZeneca, Pfizer/BioNTech",https://www.cepimose.si/,239561,162171,77390
Slovenia,2021-03-12,"Oxford/AstraZeneca, Pfizer/BioNTech",https://www.cepimose.si/,253008,170527,82481
Slovenia,2021-03-13,"Oxford/AstraZeneca, Pfizer/BioNTech",https://www.cepimose.si/,261218,176577,84641
Slovenia,2021-03-14,"Oxford/AstraZeneca, Pfizer/BioNTech",https://www.cepimose.si/,261218,176577,84641
Slovenia,2021-03-15,"Oxford/AstraZeneca, Pfizer/BioNTech",https://www.cepimose.si/,262842,177908,84934
Slovenia,2021-03-16,"Oxford/AstraZeneca, Pfizer/BioNTech",https://www.cepimose.si/,263890,178176,85714
Slovenia,2021-03-17,"Oxford/AstraZeneca, Pfizer/BioNTech",https://www.cepimose.si/,270014,178624,91390
Slovenia,2021-03-18,"Oxford/AstraZeneca, Pfizer/BioNTech",https://www.cepimose.si/,280050,180301,99749
Slovenia,2021-03-19,"Oxford/AstraZeneca, Pfizer/BioNTech",https://www.cepimose.si/,287521,183295,104226
Slovenia,2021-03-20,"Oxford/AstraZeneca, Pfizer/BioNTech",https://www.cepimose.si/,291479,187075,104404
Slovenia,2021-03-21,"Oxford/AstraZeneca, Pfizer/BioNTech",https://www.cepimose.si/,291479,187075,104404
Slovenia,2021-03-22,"Oxford/AstraZeneca, Pfizer/BioNTech",https://www.cepimose.si/,292606,188193,104413
Slovenia,2021-03-23,"Oxford/AstraZeneca, Pfizer/BioNTech",https://www.cepimose.si/,296841,192116,104725
Slovenia,2021-03-24,"Oxford/AstraZeneca, Pfizer/BioNTech",https://www.cepimose.si/,306730,199439,107291
Slovenia,2021-03-25,"Oxford/AstraZeneca, Pfizer/BioNTech",https://www.cepimose.si/,320993,211206,109787
Slovenia,2021-03-26,"Oxford/AstraZeneca, Pfizer/BioNTech",https://www.cepimose.si/,336439,224455,111984
Slovenia,2021-03-27,"Oxford/AstraZeneca, Pfizer/BioNTech",https://www.cepimose.si/,343525,231103,112422
Slovenia,2021-03-28,"Oxford/AstraZeneca, Pfizer/BioNTech",https://www.cepimose.si/,344786,232361,112425
Slovenia,2021-03-29,"Oxford/AstraZeneca, Pfizer/BioNTech",https://www.cepimose.si/,345915,233483,112432
Slovenia,2021-03-30,"Oxford/AstraZeneca, Pfizer/BioNTech",https://www.cepimose.si/,353697,240946,112751
Slovenia,2021-03-31,"Oxford/AstraZeneca, Pfizer/BioNTech",https://www.cepimose.si/,367925,253925,114000
Slovenia,2021-04-01,"Oxford/AstraZeneca, Pfizer/BioNTech",https://www.cepimose.si/,376361,260240,116121
