location,date,vaccine,source_url,total_vaccinations,people_vaccinated,people_fully_vaccinated
Taiwan,2021-03-21,Oxford/AstraZeneca,https://www.cdc.gov.tw/Uploads/ba3841c3-3755-423d-a204-bde17d46db38.pdf,0,0,0
Taiwan,2021-03-22,Oxford/AstraZeneca,https://www.cdc.gov.tw/Uploads/ba3841c3-3755-423d-a204-bde17d46db38.pdf,1578,1578,0
Taiwan,2021-03-23,Oxford/AstraZeneca,https://www.cdc.gov.tw/Uploads/a0398a90-4dff-4e08-a07a-f920ada55c60.pdf,3218,3218,0
Taiwan,2021-03-24,Oxford/AstraZeneca,https://www.cdc.gov.tw/Uploads/86cf5eb3-4c75-406e-970a-d01656fd0f6c.pdf,5169,5169,0
Taiwan,2021-03-25,Oxford/AstraZeneca,https://www.cdc.gov.tw/File/Get/OPUECKp6TJZeKcN_TqrYXw,7053,7053,0
Taiwan,2021-03-26,Oxford/AstraZeneca,https://www.cdc.gov.tw/File/Get/hq1bYGuBSaivZDrhzTvIhwt,9232,9232,0
Taiwan,2021-03-27,Oxford/AstraZeneca,https://www.cdc.gov.tw/File/Get/Sad4z5QXaWBfLtZNk5DhMQ,9377,9377,0
Taiwan,2021-03-28,Oxford/AstraZeneca,https://www.cdc.gov.tw/File/Get/h1zrpULPsrECHmJXHeRrwg,9412,9412,0
Taiwan,2021-03-29,Oxford/AstraZeneca,https://www.cdc.gov.tw/File/Get/FL-qq_yyvAEnjdiXZW8oZg,10891,10891,0
Taiwan,2021-03-30,Oxford/AstraZeneca,https://www.cdc.gov.tw/File/Get/XKCGkbm_Y-PTUzt6I8uAwQ,12648,12648,0
Taiwan,2021-03-31,Oxford/AstraZeneca,https://www.cdc.gov.tw/File/Get/XKCGkbm_Y-PTUzt6I8uAwQ,14400,14400,0
