location,date,vaccine,source_url,total_vaccinations,people_vaccinated,people_fully_vaccinated
United Kingdom,2020-12-13,Pfizer/BioNTech,https://coronavirus.data.gov.uk/details/healthcare,86465,86465,
United Kingdom,2020-12-20,Pfizer/BioNTech,https://coronavirus.data.gov.uk/details/healthcare,675286,675286,
United Kingdom,2020-12-27,Pfizer/BioNTech,https://coronavirus.data.gov.uk/details/healthcare,1005073,1005073,
United Kingdom,2021-01-03,Pfizer/BioNTech,https://coronavirus.data.gov.uk/details/healthcare,1402432,1380430,22002
United Kingdom,2021-01-10,"Oxford/AstraZeneca, Pfizer/BioNTech",https://coronavirus.data.gov.uk/details/healthcare,2677971,2286572,391399
United Kingdom,2021-01-11,"Oxford/AstraZeneca, Pfizer/BioNTech",https://coronavirus.data.gov.uk/details/healthcare,2843815,2431648,412167
United Kingdom,2021-01-12,"Oxford/AstraZeneca, Pfizer/BioNTech",https://coronavirus.data.gov.uk/details/healthcare,3067541,2639309,428232
United Kingdom,2021-01-13,"Oxford/AstraZeneca, Pfizer/BioNTech",https://coronavirus.data.gov.uk/details/healthcare,3356229,2918252,437977
United Kingdom,2021-01-14,"Oxford/AstraZeneca, Pfizer/BioNTech",https://coronavirus.data.gov.uk/details/healthcare,3678180,3234946,443234
United Kingdom,2021-01-15,"Oxford/AstraZeneca, Pfizer/BioNTech",https://coronavirus.data.gov.uk/details/healthcare,4023705,3576263,447442
United Kingdom,2021-01-16,"Oxford/AstraZeneca, Pfizer/BioNTech",https://coronavirus.data.gov.uk/details/healthcare,4322456,3872394,450062
United Kingdom,2021-01-17,"Oxford/AstraZeneca, Pfizer/BioNTech",https://coronavirus.data.gov.uk/details/healthcare,4514802,4062501,452301
United Kingdom,2021-01-18,"Oxford/AstraZeneca, Pfizer/BioNTech",https://coronavirus.data.gov.uk/details/healthcare,4723443,4266577,456866
United Kingdom,2021-01-19,"Oxford/AstraZeneca, Pfizer/BioNTech",https://coronavirus.data.gov.uk/details/healthcare,5070365,4609740,460625
United Kingdom,2021-01-20,"Oxford/AstraZeneca, Pfizer/BioNTech",https://coronavirus.data.gov.uk/details/healthcare,5437284,4973248,464036
United Kingdom,2021-01-21,"Oxford/AstraZeneca, Pfizer/BioNTech",https://coronavirus.data.gov.uk/details/healthcare,5849899,5383103,466796
United Kingdom,2021-01-22,"Oxford/AstraZeneca, Pfizer/BioNTech",https://coronavirus.data.gov.uk/details/healthcare,6329968,5861351,468617
United Kingdom,2021-01-23,"Oxford/AstraZeneca, Pfizer/BioNTech",https://coronavirus.data.gov.uk/details/healthcare,6822981,6353321,469660
United Kingdom,2021-01-24,"Oxford/AstraZeneca, Pfizer/BioNTech",https://coronavirus.data.gov.uk/details/healthcare,7044048,6573570,470478
United Kingdom,2021-01-25,"Oxford/AstraZeneca, Pfizer/BioNTech",https://coronavirus.data.gov.uk/details/healthcare,7325773,6853327,472446
United Kingdom,2021-01-26,"Oxford/AstraZeneca, Pfizer/BioNTech",https://coronavirus.data.gov.uk/details/healthcare,7638543,7164387,474156
United Kingdom,2021-01-27,"Oxford/AstraZeneca, Pfizer/BioNTech",https://coronavirus.data.gov.uk/details/healthcare,7953250,7476765,476485
United Kingdom,2021-01-28,"Oxford/AstraZeneca, Pfizer/BioNTech",https://coronavirus.data.gov.uk/details/healthcare,8369438,7891184,478254
United Kingdom,2021-01-29,"Oxford/AstraZeneca, Pfizer/BioNTech",https://coronavirus.data.gov.uk/details/healthcare,8859372,8378940,480432
United Kingdom,2021-01-30,"Oxford/AstraZeneca, Pfizer/BioNTech",https://coronavirus.data.gov.uk/details/healthcare,9468382,8977329,491053
United Kingdom,2021-01-31,"Oxford/AstraZeneca, Pfizer/BioNTech",https://coronavirus.data.gov.uk/details/healthcare,9790576,9296367,494209
United Kingdom,2021-02-01,"Oxford/AstraZeneca, Pfizer/BioNTech",https://coronavirus.data.gov.uk/details/healthcare,10143511,9646715,496796
United Kingdom,2021-02-02,"Oxford/AstraZeneca, Pfizer/BioNTech",https://coronavirus.data.gov.uk/details/healthcare,10520433,10021471,498962
United Kingdom,2021-02-03,"Oxford/AstraZeneca, Pfizer/BioNTech",https://coronavirus.data.gov.uk/details/healthcare,10992444,10490487,501957
United Kingdom,2021-02-04,"Oxford/AstraZeneca, Pfizer/BioNTech",https://coronavirus.data.gov.uk/details/healthcare,11477040,10971047,505993
United Kingdom,2021-02-05,"Oxford/AstraZeneca, Pfizer/BioNTech",https://coronavirus.data.gov.uk/details/healthcare,11975267,11465210,510057
United Kingdom,2021-02-06,"Oxford/AstraZeneca, Pfizer/BioNTech",https://coronavirus.data.gov.uk/details/healthcare,12526737,12015018,511719
United Kingdom,2021-02-07,"Oxford/AstraZeneca, Pfizer/BioNTech",https://coronavirus.data.gov.uk/details/healthcare,12806587,12294006,512581
United Kingdom,2021-02-08,"Oxford/AstraZeneca, Pfizer/BioNTech",https://coronavirus.data.gov.uk/details/healthcare,13162878,12646486,516392
United Kingdom,2021-02-09,"Oxford/AstraZeneca, Pfizer/BioNTech",https://coronavirus.data.gov.uk/details/healthcare,13577851,13058298,519553
United Kingdom,2021-02-10,"Oxford/AstraZeneca, Pfizer/BioNTech",https://coronavirus.data.gov.uk/details/healthcare,14033555,13509108,524447
United Kingdom,2021-02-11,"Oxford/AstraZeneca, Pfizer/BioNTech",https://coronavirus.data.gov.uk/details/healthcare,14542318,14012224,530094
United Kingdom,2021-02-12,"Oxford/AstraZeneca, Pfizer/BioNTech",https://coronavirus.data.gov.uk/details/healthcare,15091696,14556827,534869
United Kingdom,2021-02-13,"Oxford/AstraZeneca, Pfizer/BioNTech",https://coronavirus.data.gov.uk/details/healthcare,15599904,15062189,537715
United Kingdom,2021-02-14,"Oxford/AstraZeneca, Pfizer/BioNTech",https://coronavirus.data.gov.uk/details/healthcare,15839781,15300151,539630
United Kingdom,2021-02-15,"Oxford/AstraZeneca, Pfizer/BioNTech",https://coronavirus.data.gov.uk/details/healthcare,16122272,15576107,546165
United Kingdom,2021-02-16,"Oxford/AstraZeneca, Pfizer/BioNTech",https://coronavirus.data.gov.uk/details/healthcare,16499549,15940972,558577
United Kingdom,2021-02-17,"Oxford/AstraZeneca, Pfizer/BioNTech",https://coronavirus.data.gov.uk/details/healthcare,16996806,16423082,573724
United Kingdom,2021-02-18,"Oxford/AstraZeneca, Pfizer/BioNTech",https://coronavirus.data.gov.uk/details/healthcare,17465127,16875536,589591
United Kingdom,2021-02-19,"Oxford/AstraZeneca, Pfizer/BioNTech",https://coronavirus.data.gov.uk/details/healthcare,17852327,17247442,604885
United Kingdom,2021-02-20,"Oxford/AstraZeneca, Pfizer/BioNTech",https://coronavirus.data.gov.uk/details/healthcare,18197269,17582121,615148
United Kingdom,2021-02-21,"Oxford/AstraZeneca, Pfizer/BioNTech",https://coronavirus.data.gov.uk/details/healthcare,18348165,17723840,624325
United Kingdom,2021-02-22,"Oxford/AstraZeneca, Pfizer/BioNTech",https://coronavirus.data.gov.uk/details/healthcare,18558969,17916181,642788
United Kingdom,2021-02-23,"Oxford/AstraZeneca, Pfizer/BioNTech",https://coronavirus.data.gov.uk/details/healthcare,18911978,18242873,669105
United Kingdom,2021-02-24,"Oxford/AstraZeneca, Pfizer/BioNTech",https://coronavirus.data.gov.uk/details/healthcare,19392553,18691835,700718
United Kingdom,2021-02-25,"Oxford/AstraZeneca, Pfizer/BioNTech",https://coronavirus.data.gov.uk/details/healthcare,19913592,19177555,736037
United Kingdom,2021-02-26,"Oxford/AstraZeneca, Pfizer/BioNTech",https://coronavirus.data.gov.uk/details/healthcare,20450858,19682048,768810
United Kingdom,2021-02-27,"Oxford/AstraZeneca, Pfizer/BioNTech",https://coronavirus.data.gov.uk/details/healthcare,20885683,20089551,796132
United Kingdom,2021-02-28,"Oxford/AstraZeneca, Pfizer/BioNTech",https://coronavirus.data.gov.uk/details/healthcare,21091267,20275451,815816
United Kingdom,2021-03-01,"Oxford/AstraZeneca, Pfizer/BioNTech",https://coronavirus.data.gov.uk/details/healthcare,21322717,20478619,844098
United Kingdom,2021-03-02,"Oxford/AstraZeneca, Pfizer/BioNTech",https://coronavirus.data.gov.uk/details/healthcare,21599027,20703615,895412
United Kingdom,2021-03-03,"Oxford/AstraZeneca, Pfizer/BioNTech",https://coronavirus.data.gov.uk/details/healthcare,21946433,20982571,963862
United Kingdom,2021-03-04,"Oxford/AstraZeneca, Pfizer/BioNTech",https://coronavirus.data.gov.uk/details/healthcare,22392883,21358815,1034068
United Kingdom,2021-03-05,"Oxford/AstraZeneca, Pfizer/BioNTech",https://coronavirus.data.gov.uk/details/healthcare,22887118,21796278,1090840
United Kingdom,2021-03-06,"Oxford/AstraZeneca, Pfizer/BioNTech",https://coronavirus.data.gov.uk/details/healthcare,23335514,22213112,1122402
United Kingdom,2021-03-07,"Oxford/AstraZeneca, Pfizer/BioNTech",https://coronavirus.data.gov.uk/details/healthcare,23519898,22377255,1142643
United Kingdom,2021-03-08,"Oxford/AstraZeneca, Pfizer/BioNTech",https://coronavirus.data.gov.uk/details/healthcare,23773959,22592528,1181431
United Kingdom,2021-03-09,"Oxford/AstraZeneca, Pfizer/BioNTech",https://coronavirus.data.gov.uk/details/healthcare,24064182,22809829,1254353
United Kingdom,2021-03-10,"Oxford/AstraZeneca, Pfizer/BioNTech",https://coronavirus.data.gov.uk/details/healthcare,24405231,23053716,1351515
United Kingdom,2021-03-11,"Oxford/AstraZeneca, Pfizer/BioNTech",https://coronavirus.data.gov.uk/details/healthcare,24759603,23314525,1445078
United Kingdom,2021-03-12,"Oxford/AstraZeneca, Pfizer/BioNTech",https://coronavirus.data.gov.uk/details/healthcare,25216857,23684103,1532754
United Kingdom,2021-03-13,"Oxford/AstraZeneca, Pfizer/BioNTech",https://coronavirus.data.gov.uk/details/healthcare,25781120,24196211,1584909
United Kingdom,2021-03-14,"Oxford/AstraZeneca, Pfizer/BioNTech",https://coronavirus.data.gov.uk/details/healthcare,26063501,24453221,1610280
United Kingdom,2021-03-15,"Oxford/AstraZeneca, Pfizer/BioNTech",https://coronavirus.data.gov.uk/details/healthcare,26503552,24839906,1663646
United Kingdom,2021-03-16,"Oxford/AstraZeneca, Pfizer/BioNTech",https://coronavirus.data.gov.uk/details/healthcare,27032671,25273226,1759445
United Kingdom,2021-03-17,"Oxford/AstraZeneca, Pfizer/BioNTech",https://coronavirus.data.gov.uk/details/healthcare,27614526,25735472,1879054
United Kingdom,2021-03-18,"Oxford/AstraZeneca, Pfizer/BioNTech",https://coronavirus.data.gov.uk/details/healthcare,28274802,26263732,2011070
United Kingdom,2021-03-19,"Oxford/AstraZeneca, Pfizer/BioNTech",https://coronavirus.data.gov.uk/details/healthcare,29015457,26878662,2136795
United Kingdom,2021-03-20,"Oxford/AstraZeneca, Pfizer/BioNTech",https://coronavirus.data.gov.uk/details/healthcare,29859742,27630970,2228772
United Kingdom,2021-03-21,"Oxford/AstraZeneca, Pfizer/BioNTech",https://coronavirus.data.gov.uk/details/healthcare,30279360,27997976,2281384
United Kingdom,2021-03-22,"Oxford/AstraZeneca, Pfizer/BioNTech",https://coronavirus.data.gov.uk/details/healthcare,30691557,28327873,2363684
United Kingdom,2021-03-23,"Oxford/AstraZeneca, Pfizer/BioNTech",https://coronavirus.data.gov.uk/details/healthcare,31186362,28653523,2532839
United Kingdom,2021-03-24,"Oxford/AstraZeneca, Pfizer/BioNTech",https://coronavirus.data.gov.uk/details/healthcare,31766669,28991188,2775481
United Kingdom,2021-03-25,"Oxford/AstraZeneca, Pfizer/BioNTech",https://coronavirus.data.gov.uk/details/healthcare,32325993,29316130,3009863
United Kingdom,2021-03-26,"Oxford/AstraZeneca, Pfizer/BioNTech",https://coronavirus.data.gov.uk/details/healthcare,33020952,29727435,3293517
United Kingdom,2021-03-27,"Oxford/AstraZeneca, Pfizer/BioNTech",https://coronavirus.data.gov.uk/details/healthcare,33678768,30151287,3527481
United Kingdom,2021-03-28,"Oxford/AstraZeneca, Pfizer/BioNTech",https://coronavirus.data.gov.uk/details/healthcare,34119095,30444829,3674266
United Kingdom,2021-03-29,"Oxford/AstraZeneca, Pfizer/BioNTech",https://coronavirus.data.gov.uk/details/healthcare,34518958,30680948,3838010
United Kingdom,2021-03-30,"Oxford/AstraZeneca, Pfizer/BioNTech",https://coronavirus.data.gov.uk/details/healthcare,35014074,30905538,4108536
United Kingdom,2021-03-31,"Oxford/AstraZeneca, Pfizer/BioNTech",https://coronavirus.data.gov.uk/details/healthcare,35660902,31147444,4513458
